Covered Vehicle,Vehicle ID (Ktype),Car Marker,Model,Version,From,To,Body Type,Drive Type,Litters,cc,Fuel type,kW,HP,Cylinders,Valves,Engine Type,Engine Code,Product Limitations,Carpark,# Products,Covered in Products
,45,RENAULT,SCÉNIC IV (J9_),1.5 dCi 110 Hybrid Assist (J9AE),X,Y,MPV,Front-Wheel Drive,1.5,"1,461",DIESEL,81,110,4,2,Mild Hybrid,"K9K 500, K9K 502",1) TecDoc Engine Number : 34673,30,1,A: LuK DMF
,85,RENAULT,"MEGANE III Hatchback (BZ0/1_, B3_)",1.5 dCi,X,Y,Hatchback,Front-Wheel Drive,1.5,"1,461",DIESEL,78,106,4,2,Diesel,K9K 832,None,30,1,A: LuK RepSet DMF
,125,RENAULT,SCÉNIC III (JZ0/1_),"1.5 dCi (JZ02, JZ0R)",X,Y,MPV,Front-Wheel Drive,1.5,"1,461",DIESEL,70,95,4,2,Diesel,K9K 846,None,30,1,A: LuK RepSet DMF
,165,RENAULT,KANGOO Express (FW0/1_),"1.5 dCi 110 (FW0C, FW0H)",X,Y,Box Body/MPV | Express | Rapid,Front-Wheel Drive,1.5,"1,461",DIESEL,80,109,4,2,Diesel,"K9K 804, K9K 816",None,30,1,A: LuK RepSet DMF
,205,RENAULT,MODUS / GRAND MODUS (F/JP0_),"1.5 dCi (JP0G, JP0H)",X,Y,Hatchback,Front-Wheel Drive,1.5,"1,461",DIESEL,78,106,4,2,Diesel,K9K 764,None,30,1,A: LuK RepSet DMF
,245,RENAULT,"MEGANE II (BM0/1_, CM0/1_)","1.5 dCi (BM1E, CM1E)",X,Y,Hatchback,Front-Wheel Drive,1.5,"1,461",DIESEL,78,106,4,2,Diesel,K9K 732,None,30,1,A: LuK RepSet DMF
,285,RENAULT,"CLIO III (BR0/1, CR0/1) | CLIO CAMPUS | LUTECIA","1.5 dCi (BR1C, CR1C)",X,Y,Hatchback,Front-Wheel Drive,1.5,"1,461",DIESEL,76,103,4,2,Diesel,K9K 772,None,30,1,A: LuK RepSet DMF
,325,RENAULT,"MEGANE II (BM0/1_, CM0/1_)","1.5 dCi (BM16, CM16)",X,Y,Hatchback,Front-Wheel Drive,1.5,"1,461",DIESEL,76,103,4,2,Diesel,K9K 734,None,30,1,A: LuK RepSet DMF
,365,RENAULT,LAGUNA III Grandtour (KT0/1),"1.5 dCi (KT0A, KT0R, KT02)",X,Y,Estate | Grandtour | Sport Tourer | Sportour,Front-Wheel Drive,1.5,"1,461",DIESEL,81,110,4,2,Diesel,"K9K 780, K9K 782, K9K 846",None,30,1,A: LuK RepSet DMF
,405,NISSAN,TIIDA Hatchback (C11) | LATIO,1.5 dCi,X,Y,Hatchback,Front-Wheel Drive,1.5,"1,461",DIESEL,78,106,4,2,Diesel,"K9K, K9K 278",None,30,1,A: LuK RepSet DMF
,445,RENAULT,KANGOO BE BOP (KW0/1_),1.5 dCi (KW0F),X,Y,MPV,Front-Wheel Drive,1.5,"1,461",DIESEL,76,103,4,2,Diesel,K9K 806,None,30,1,A: LuK RepSet DMF
,485,NISSAN,"NOTE (E11, NE11)",1.5 dCi,X,Y,MPV,Front-Wheel Drive,1.5,"1,461",DIESEL,76,103,4,2,Diesel,K9K 288,None,30,1,A: LuK RepSet DMF
,525,RENAULT,FLUENCE (L3_),"1.5 dCi (L30D, L30L, L306, L33F, L33L, L33M, L33V, L33W)",X,Y,Saloon,Front-Wheel Drive,1.5,"1,461",DIESEL,81,110,4,2,Diesel,"K9K 656, K9K 657, K9K 836, K9K 837",None,30,1,A: LuK RepSet DMF
,565,NISSAN,JUKE (F15),1.5 dCi,X,Y,SUV,Front-Wheel Drive,1.5,"1,461",DIESEL,81,110,4,2,Diesel,"K9K 410, K9K 636, K9K 646, K9K 896",None,30,1,A: LuK RepSet DMF
,605,DACIA,LODGY (JS_),"1.5 dCi (JSMC, JSAF)",X,Y,MPV,Front-Wheel Drive,1.5,"1,461",DIESEL,79,107,4,2,Diesel,"K9K 846, K9K 856",1) Transmission Code : TL4,30,1,A: LuK RepSet DMF
,645,RENAULT,LATITUDE (L70_),"1.5 dCi (L70R, L731)",X,Y,Saloon,Front-Wheel Drive,1.5,"1,461",DIESEL,81,110,4,2,Diesel,"K9K 782, K9K 849",1) Transmission Code : TL4,30,1,A: LuK RepSet DMF
,685,RENAULT,"MEGANE III Hatchback (BZ0/1_, B3_)","1.5 dCi (BZ1G, BZ1W, BZ0R)",X,Y,Hatchback,Front-Wheel Drive,1.5,"1,461",DIESEL,70,95,4,2,Diesel,K9K 846,None,30,1,A: LuK RepSet DMF
,725,NISSAN,PULSAR Hatchback (C13) | TIIDA | SYLPHY,1.5 dCi,X,Y,Hatchback,Front-Wheel Drive,1.5,"1,461",DIESEL,81,110,4,2,Diesel,K9K,None,30,1,A: LuK RepSet DMF
,765,RENAULT,"KADJAR (HA_, HL_)",1.5 dCi 110 (HLA3),X,Y,SUV,Front-Wheel Drive,1.5,"1,461",DIESEL,81,110,4,2,Diesel,"K9K 646, K9K 647, K9K 648, K9K 649","1) TecDoc Engine Number : 32413, 2) TecDoc Engine Number : 37649",30,1,A: LuK RepSet DMF
,805,RENAULT,TALISMAN (LP_),1.5 dCi 110 (LPA3),X,Y,Saloon,Front-Wheel Drive,1.5,"1,461",DIESEL,81,110,4,2,Diesel,"K9K 646, K9K 647",None,30,1,A: LuK RepSet DMF
,845,RENAULT,TALISMAN Grandtour (KP_),1.5 dCi 110,X,Y,Estate | Grandtour | Sport Tourer,Front-Wheel Drive,1.5,"1,461",DIESEL,81,110,4,2,Diesel,"K9K 646, K9K 647, K9K 648, K9K 649",None,30,1,A: LuK RepSet DMF
,885,RENAULT,CLIO IV (BH_) | CLIO MIO | LUTECIA,1.5 dCi 110,X,Y,Hatchback,Front-Wheel Drive,1.5,"1,461",DIESEL,81,110,4,2,Diesel,K9K 646,None,30,1,A: LuK RepSet DMF
,925,RENAULT,MEGANE IV Saloon (LVA/M/N),1.5 dCi 90 (LVA1),X,Y,Saloon | Grand Coupe,Front-Wheel Drive,1.5,"1,461",DIESEL,66,90,4,2,Diesel,K9K 656,None,30,1,A: LuK RepSet DMF
,965,DACIA,DUSTER (HM_),1.5 dCi 110 (HMAB),X,Y,SUV,Front-Wheel Drive,1.5,"1,461",DIESEL,80,109,4,2,Diesel,"K9K 656, K9K 667",None,30,1,A: LuK RepSet DMF
,1005,RENAULT,MEGANE III Hatchback Van (BZ_),"1.5 dCi (BZ0D, BZ1G, BZ1F, BZ1M, BZ1W, BZ0R, BZ10)",X,Y,Hatchback Van | Hatchback Van,Front-Wheel Drive,1.5,"1,461",DIESEL,81,110,4,2,Diesel,"K9K 836, K9K 846",None,30,1,A: LuK RepSet DMF
,1045,RENAULT,MEGANE III Combi Van (KZ0/1),1.5 dCi,X,Y,Estate Van | Combi Van,Front-Wheel Drive,1.5,"1,461",DIESEL,78,106,4,2,Diesel,K9K 832,None,30,1,A: LuK RepSet DMF
,1085,RENAULT,SCÉNIC III VAN (JZ0/1_),1.5 dCi (JZ02),X,Y,Box Body/MPV | VAN,Front-Wheel Drive,1.5,"1,461",DIESEL,70,95,4,2,Diesel,K9K 846,None,30,1,A: LuK RepSet DMF
,1125,NISSAN,QASHQAI +2 (JJ10E) | DUALIS,1.5 dCi,X,Y,SUV,Front-Wheel Drive,1.5,"1,461",DIESEL,78,106,4,2,Diesel,"K9K 282, K9K 292",None,30,1,A: LuK RepSet DMF
,1165,DACIA,DOKKER Box Body/MPV,"1.5 dCi 75 / Blue dCi 75 (FEJW, FEAH)",X,Y,Box Body/MPV,Front-Wheel Drive,1.5,"1,461",DIESEL,55,75,4,2,Diesel,"K9K 612, K9K 626, K9K 872","1) TecDoc Engine Number : 37036, 2) Transmission Code : TL4",30,1,A: LuK RepSet DMF
,1205,DACIA,LODGY (JS_),"1.5 Blue dCi 95 (JSJL, JSN7)",X,Y,MPV,Front-Wheel Drive,1.5,"1,461",DIESEL,70,95,4,2,Diesel,"K9K 872, K9K 876 (10.21-.)",1) Transmission Code : TL4,30,1,A: LuK RepSet DMF
,1245,MERCEDES-BENZ,CITAN MPV (W415),111 CDI (415.703),X,Y,MPV | Kombi | Tila-Auto | Tourer | Traveliner,Front-Wheel Drive,1.5,"1,461",DIESEL,85,116,4,2,Diesel,OM 608.915 (K9K),None,30,1,A: LuK RepSet DMF
,1285,MERCEDES-BENZ,CITAN Box Body/MPV (W415),"109 CDI (415.603, 415.605)",X,Y,Box Body/MPV | Panel Van,Front-Wheel Drive,1.5,"1,461",DIESEL,70,95,4,2,Diesel,OM 608.915 (K9K),None,30,1,A: LuK RepSet DMF
,1325,RENAULT,CLIO V (B7_),1.5 Blue dCi 115 (B7AD),X,Y,Hatchback,Front-Wheel Drive,1.5,"1,461",DIESEL,85,116,4,2,Diesel,"K9K 854, K9K 862, K9K 872",None,30,1,A: LuK RepSet DMF
,1365,NISSAN,NV250 Van (X61),dCi 115,X,Y,Van,Front-Wheel Drive,1.5,"1,461",DIESEL,85,116,4,2,Diesel,K9K 872,None,30,1,A: LuK RepSet DMF
,1405,RENAULT,CAPTUR II (HF_),Blue dCi 95 (HFAF),X,Y,Hatchback,Front-Wheel Drive,1.5,"1,461",DIESEL,70,95,4,2,Diesel,K9K 872,None,30,1,A: LuK RepSet DMF
,1445,RENAULT,KANGOO Express (FW0/1_),1.5 dCi 115 (FW17),X,Y,Box Body/MPV | Express | Rapid,Front-Wheel Drive,1.5,"1,461",DIESEL,85,116,4,2,Diesel,K9K 872,1) Transmission Code : TL4,30,1,A: LuK RepSet DMF
,1485,RENAULT,KANGOO III Box Body/MPV,1.5 Blue dCi 75 (FJAA),X,Y,Box Body/MPV | RAPID,Front-Wheel Drive,1.5,"1,461",DIESEL,55,75,4,2,Diesel,K9K 876,1) Transmission Code : TL4,30,1,A: LuK RepSet DMF
,1525,MERCEDES-BENZ,CITAN Box Body/MPV (W420),1.5 108 CDI (420.613),X,Y,Box Body/MPV,Front-Wheel Drive,1.5,"1,461",DIESEL,55,75,4,2,Diesel,OM 608.915 (K9K),None,30,1,A: LuK RepSet DMF
,1565,MERCEDES-BENZ,CITAN Tourer (W420),110 CDI (420.723),X,Y,MPV | Tourer,Front-Wheel Drive,1.5,"1,461",DIESEL,70,95,4,2,Diesel,OM 608.915 (K9K),None,30,1,A: LuK RepSet DMF
,1605,RENAULT,EXPRESS Box Body/MPV,1.5 dCi 95 (F6AB),X,Y,Box Body/MPV,Front-Wheel Drive,1.5,"1,461",DIESEL,70,95,4,2,Diesel,K9K672,None,30,1,A: LuK RepSet DMF
,1645,DACIA,"DUSTER (PYM_, PYN_)",1.5 dCi 115,X,Y,SUV,Front-Wheel Drive,1.5,"1,461",DIESEL,85,115,4,2,Diesel,K9K 876,None,30,1,A: LuK RepSet DMF
,1685,NISSAN,CUBE (Z12),1.5 dCi,X,Y,Hatchback,Front-Wheel Drive,1.5,"1,461",DIESEL,81,110,4,2,Diesel,"K9K, K9K 270",None,30,1,B: DMF Module plus CSC
,1725,RENAULT,GRAND SCÉNIC III (JZ0/1_),"1.5 dCi (JZ02, JZ0R)",X,Y,MPV,Front-Wheel Drive,1.5,"1,461",DIESEL,70,95,4,2,Diesel,K9K 846,None,30,1,B: DMF Module plus CSC
,1765,NISSAN,NV200 / EVALIA Bus,"1.5 dCi 110 (M20, M20M)",X,Y,Bus,Front-Wheel Drive,1.5,"1,461",DIESEL,81,110,4,2,Diesel,"K9K 636, K9K 646",None,30,1,B: DMF Module plus CSC
,1805,RENAULT,KANGOO / GRAND KANGOO II (KW0/1_),"1.5 dCi 110 (KW0C, KW0H)",X,Y,MPV,Front-Wheel Drive,1.5,"1,461",DIESEL,80,110,4,2,Diesel,"K9K 804, K9K 816","1) TecDoc Engine Number : 20831, 2) TecDoc Engine Number : 35716",30,1,B: DMF Module plus CSC
,1845,RENAULT,MEGANE II Estate (KM0/1_),"1.5 dCi (KM16, KM1E)",X,Y,Estate | Grandtour | Sport Tourer,Front-Wheel Drive,1.5,"1,461",DIESEL,78,106,4,2,Diesel,K9K 732,None,30,1,B: DMF Module plus CSC
,1885,NISSAN,"QASHQAI I (J10, NJ10) | DUALIS",1.5 dCi,X,Y,SUV,Front-Wheel Drive,1.5,"1,461",DIESEL,78,106,4,2,Diesel,"K9K 282, K9K 292",None,30,1,B: DMF Module plus CSC
,1925,RENAULT,MEGANE II Coupé-Cabriolet (EM0/1_),1.5 dCi (EM16),X,Y,Convertible | Coupé-Cabriolet,Front-Wheel Drive,1.5,"1,461",DIESEL,76,103,4,2,Diesel,K9K 734,None,30,1,B: DMF Module plus CSC
,1965,RENAULT,CLIO III Grandtour (KR0/1_),"1.5 dCi (KR0H, KR1S)",X,Y,Estate | Grandtour | Sportour,Front-Wheel Drive,1.5,"1,461",DIESEL,78,106,4,2,Diesel,"K9K 764, K9K 774",None,30,1,B: DMF Module plus CSC
,2005,RENAULT,KANGOO Express (FW0/1_),1.5 dCi 105 (FW0F),X,Y,Box Body/MPV | Express | Rapid,Front-Wheel Drive,1.5,"1,461",DIESEL,76,103,4,2,Diesel,K9K 806,"1) Engine Code : K9K 804, 2) TecDoc Engine Number : 20832",30,1,B: DMF Module plus CSC
,2045,NISSAN,"QASHQAI I (J10, NJ10) | DUALIS",1.5 dCi,X,Y,SUV,Front-Wheel Drive,1.5,"1,461",DIESEL,76,103,4,2,Diesel,"K9K 282, K9K 292",None,30,1,B: DMF Module plus CSC
,2085,RENAULT,GRAND SCÉNIC III (JZ0/1_),"1.5 dCi (JZ0B, JZ07)",X,Y,MPV,Front-Wheel Drive,1.5,"1,461",DIESEL,78,106,4,2,Diesel,K9K 832,None,30,1,B: DMF Module plus CSC
,2125,DACIA,DUSTER (HS_),1.5 dCi (HSMC),X,Y,SUV,Front-Wheel Drive,1.5,"1,461",DIESEL,79,107,4,2,Diesel,"K9K 896, K9K 898","1) TecDoc Engine Number : 24784, 2) TecDoc Engine Number : 24785, 3) Transmission Code : TL4 043, 4) Transmission Code : TL8 000, 5) Transmission Type : 6-Speed Manual Transmission",30,1,B: DMF Module plus CSC
,2165,DACIA,LODGY (JS_),"1.5 dCi (JSMC, JSAF)",X,Y,MPV,Front-Wheel Drive,1.5,"1,461",DIESEL,79,107,4,2,Diesel,"K9K 846, K9K 856",None,30,1,B: DMF Module plus CSC
,2205,RENAULT,LATITUDE (L70_),"1.5 dCi (L70R, L731)",X,Y,Saloon,Front-Wheel Drive,1.5,"1,461",DIESEL,81,110,4,2,Diesel,"K9K 782, K9K 849",None,30,1,B: DMF Module plus CSC
,2245,MERCEDES-BENZ,CITAN MPV (W415),"111 CDI (415.703, 415.705)",X,Y,MPV | Kombi | Tila-Auto | Tourer | Traveliner,Front-Wheel Drive,1.5,"1,461",DIESEL,81,110,4,2,Diesel,OM 607.951 (K9K),None,30,1,B: DMF Module plus CSC
,2285,DACIA,DUSTER (HS_),1.5 dCi 4x4,X,Y,SUV,All-wheel Drive | 4x4,1.5,"1,461",DIESEL,80,109,4,2,Diesel,"K9K 658, K9K 858, K9K 898","1) Engine Code : K9K 856, 2) Transmission Code : TL4, 3) Transmission Type : 6-Speed Manual Transmission",30,1,B: DMF Module plus CSC
,2325,RENAULT,KANGOO Express (FW0/1_),"1.5 dCi 110 (FW06, FW12)",X,Y,Box Body/MPV | Express | Rapid,Front-Wheel Drive,1.5,"1,461",DIESEL,81,110,4,2,Diesel,"K9K 636, K9K 646, K9K 647, K9K 648",None,30,1,B: DMF Module plus CSC
,2365,RENAULT,MEGANE IV Hatchback (B9A/M/N_) | MEGANE III,1.5 dCi 90 (B9A1),X,Y,Hatchback,Front-Wheel Drive,1.5,"1,461",DIESEL,66,90,4,2,Diesel,K9K 656,None,30,1,B: DMF Module plus CSC
,2405,RENAULT,MEGANE IV Grandtour (K9A/M/N_),1.5 dCi 90,X,Y,Estate | Estate | Grandtour | Sport Tourer | Sporter,Front-Wheel Drive,1.5,"1,461",DIESEL,66,90,4,2,Diesel,K9K 656,None,30,1,B: DMF Module plus CSC
,2445,RENAULT,CLIO IV (BH_) | CLIO MIO | LUTECIA,1.5 dCi 110,X,Y,Hatchback,Front-Wheel Drive,1.5,"1,461",DIESEL,81,110,4,2,Diesel,K9K 646,1) Transmission Type : 6-Speed Manual Transmission,30,1,B: DMF Module plus CSC
,2485,DACIA,DUSTER (HS_),"1.5 dCi (HSMD, HSM3)",X,Y,SUV,Front-Wheel Drive,1.5,"1,461",DIESEL,81,110,4,2,Diesel,"K9K 856, K9K 858, K9K 898",None,30,1,B: DMF Module plus CSC
,2525,DACIA,DUSTER (HM_),1.5 dCi 110 (HMAB),X,Y,SUV,Front-Wheel Drive,1.5,"1,461",DIESEL,80,109,4,2,Diesel,"K9K 656, K9K 667",None,30,1,B: DMF Module plus CSC
,2565,NISSAN,QASHQAI II VAN (J11_),1.5 dCi,X,Y,SUV Van | VAN,Front-Wheel Drive,1.5,"1,461",DIESEL,81,110,4,2,Diesel,K9K 646,"1) Construction Year to : 201807, 2) Transmission Type : 6-Speed Manual Transmission",30,1,B: DMF Module plus CSC
,2605,RENAULT,SCÉNIC III (JZ0/1_),1.5 dCi,X,Y,MPV,Front-Wheel Drive,1.5,"1,461",DIESEL,81,110,4,2,Diesel,"K9K 636, K9K 656, K9K 657, K9K 836, K9K 837","1) TecDoc Engine Number : 28220, 2) TecDoc Engine Number : 32894, 3) TecDoc Engine Number : 23743, 4) Transmission Type : 6-Speed Manual Transmission",30,1,C: FULLPACK DMF (CSC) with Self Adjusting Technology
,2645,RENAULT,"CLIO III Hatchback Van (SB_, SR_)",1.5 dCi,X,Y,Hatchback Van,Front-Wheel Drive,1.5,"1,461",DIESEL,78,106,4,2,Diesel,"K9K 764, K9K 772","1) TecDoc Engine Number : 18538, 2) Transmission Type : 6-Speed Manual Transmission",30,1,C: FULLPACK DMF (CSC) with Self Adjusting Technology
,2685,NISSAN,NV200 / EVALIA Bus,"1.5 dCi 110 (M20, M20M)",X,Y,Bus,Front-Wheel Drive,1.5,"1,461",DIESEL,81,110,4,2,Diesel,"K9K 636, K9K 646","1) TecDoc Engine Number : 29420, 2) TecDoc Engine Number : 31623, 3) Transmission Type : Manual Transmission",30,1,C: FULLPACK DMF (CSC) with Self Adjusting Technology
,2725,RENAULT,KANGOO / GRAND KANGOO II (KW0/1_),"1.5 dCi 110 (KW0C, KW0H)",X,Y,MPV,Front-Wheel Drive,1.5,"1,461",DIESEL,80,110,4,2,Diesel,"K9K 804, K9K 816","1) TecDoc Engine Number : 20831, 2) Transmission Type : 6-Speed Manual Transmission, 3) Transmission Code : TL4.000",30,1,C: FULLPACK DMF (CSC) with Self Adjusting Technology
,2765,RENAULT,MEGANE II Estate (KM0/1_),"1.5 dCi (KM16, KM1E)",X,Y,Estate | Grandtour | Sport Tourer,Front-Wheel Drive,1.5,"1,461",DIESEL,78,106,4,2,Diesel,K9K 732,"1) TecDoc Engine Number : 20829, 2) Transmission Type : 6-Speed Manual Transmission, 3) Transmission Code : TL4.001, 4) Transmission Code : TL4.014, 5) Transmission Code : TL4.119",30,1,C: FULLPACK DMF (CSC) with Self Adjusting Technology
,2805,NISSAN,"QASHQAI I (J10, NJ10) | DUALIS",1.5 dCi,X,Y,SUV,Front-Wheel Drive,1.5,"1,461",DIESEL,78,106,4,2,Diesel,"K9K 282, K9K 292","1) TecDoc Engine Number : 33836, 2) TecDoc Engine Number : 24675, 3) Transmission Type : Manual Transmission",30,1,C: FULLPACK DMF (CSC) with Self Adjusting Technology
,2845,RENAULT,MEGANE II Saloon (LM0/1_),1.5 dCi (LM16),X,Y,Saloon,Front-Wheel Drive,1.5,"1,461",DIESEL,76,103,4,2,Diesel,K9K 734,"1) TecDoc Engine Number : 22192, 2) Transmission Type : 6-Speed Manual Transmission, 3) Transmission Code : TL4.001, 4) Transmission Code : TL4.014, 5) Transmission Code : TL4.016",30,1,C: FULLPACK DMF (CSC) with Self Adjusting Technology
,2885,RENAULT,LAGUNA III (BT0/1),"1.5 dCi (BT00, BT0A, BT0T, BT1J)",X,Y,Hatchback,Front-Wheel Drive,1.5,"1,461",DIESEL,81,110,4,2,Diesel,"K9K 780, K9K 782, K9K 846","1) TecDoc Engine Number : 20817, 2) TecDoc Engine Number : 27990, 3) Transmission Type : 6-Speed Manual Transmission, 4) Transmission Code : TL4.013",30,1,C: FULLPACK DMF (CSC) with Self Adjusting Technology
,2925,RENAULT,KANGOO / GRAND KANGOO II (KW0/1_),1.5 dCi 105 (KW0F),X,Y,MPV,Front-Wheel Drive,1.5,"1,461",DIESEL,76,103,4,2,Diesel,K9K 806,"1) TecDoc Engine Number : 20832, 2) Transmission Type : 6-Speed Manual Transmission, 3) Transmission Code : TL4.000",30,1,C: FULLPACK DMF (CSC) with Self Adjusting Technology
,2965,RENAULT,GRAND SCÉNIC II (JM0/1_),1.5 dCi (JM1E),X,Y,MPV,Front-Wheel Drive,1.5,"1,461",DIESEL,78,106,4,2,Diesel,K9K 732,"1) TecDoc Engine Number : 20829, 2) Transmission Type : 6-Speed Manual Transmission, 3) Transmission Code : TL4.000",30,1,C: FULLPACK DMF (CSC) with Self Adjusting Technology
,3005,NISSAN,"QASHQAI I (J10, NJ10) | DUALIS",1.5 dCi,X,Y,SUV,Front-Wheel Drive,1.5,"1,461",DIESEL,76,103,4,2,Diesel,"K9K 282, K9K 292","1) TecDoc Engine Number : 33836, 2) TecDoc Engine Number : 24675, 3) Transmission Type : Manual Transmission",30,1,C: FULLPACK DMF (CSC) with Self Adjusting Technology
,3045,RENAULT,GRAND SCÉNIC III (JZ0/1_),"1.5 dCi (JZ0B, JZ07)",X,Y,MPV,Front-Wheel Drive,1.5,"1,461",DIESEL,78,106,4,2,Diesel,K9K 832,"1) TecDoc Engine Number : 23521, 2) Transmission Type : Manual Transmission",30,1,C: FULLPACK DMF (CSC) with Self Adjusting Technology
,3085,DACIA,DUSTER (HS_),1.5 dCi (HSMC),X,Y,SUV,Front-Wheel Drive,1.5,"1,461",DIESEL,79,107,4,2,Diesel,"K9K 896, K9K 898","1) Transmission Code : TL4, 2) Transmission Type : 6-Speed Manual Transmission",30,1,C: FULLPACK DMF (CSC) with Self Adjusting Technology
,3125,RENAULT,MEGANE III Coupe (DZ0/1_),1.5 dCi (DZ0B),X,Y,Coupe,Front-Wheel Drive,1.5,"1,461",DIESEL,78,106,4,2,Diesel,K9K 832,"1) TecDoc Engine Number : 23521, 2) Transmission Type : 6-Speed Manual Transmission, 3) Transmission Code : TL4.022",30,1,C: FULLPACK DMF (CSC) with Self Adjusting Technology
,3165,RENAULT,KANGOO / GRAND KANGOO II (KW0/1_),"1.5 dCi (KW0C, KW2C, KW4C)",X,Y,MPV,Front-Wheel Drive,1.5,"1,461",DIESEL,78,106,4,2,Diesel,K9K 804,"1) TecDoc Engine Number : 20831, 2) Transmission Type : 6-Speed Manual Transmission, 3) Transmission Code : TL4.000",30,1,C: FULLPACK DMF (CSC) with Self Adjusting Technology
,3205,MERCEDES-BENZ,CITAN MPV (W415),"111 CDI (415.703, 415.705)",X,Y,MPV | Kombi | Tila-Auto | Tourer | Traveliner,Front-Wheel Drive,1.5,"1,461",DIESEL,81,110,4,2,Diesel,OM 607.951 (K9K),"1) TecDoc Engine Number : 26816, 2) Transmission Type : Manual Transmission",30,1,C: FULLPACK DMF (CSC) with Self Adjusting Technology
,3245,RENAULT,GRAND SCÉNIC II (JM0/1_),1.5 dCi,X,Y,MPV,Front-Wheel Drive,1.5,"1,461",DIESEL,76,103,4,2,Diesel,K9K 734,"1) TecDoc Engine Number : 22192, 2) Transmission Type : 6-Speed Manual Transmission, 3) Transmission Code : TL4.000, 4) Transmission Code : TL4.001, 5) Transmission Code : TL4.056, 6) Transmission Code : TL4.140",30,1,C: FULLPACK DMF (CSC) with Self Adjusting Technology
,3285,RENAULT,KANGOO Express (FW0/1_),"1.5 dCi 110 (FW06, FW12)",X,Y,Box Body/MPV | Express | Rapid,Front-Wheel Drive,1.5,"1,461",DIESEL,81,110,4,2,Diesel,"K9K 636, K9K 646, K9K 647, K9K 648","1) TecDoc Engine Number : 28220, 2) Transmission Type : 6-Speed Manual Transmission, 3) Transmission Code : TL4.000",30,1,C: FULLPACK DMF (CSC) with Self Adjusting Technology
,3325,DACIA,LODGY (JS_),1.5 dCi,X,Y,MPV,Front-Wheel Drive,1.5,"1,461",DIESEL,80,109,4,2,Diesel,"K9K 666, K9K 846","1) TecDoc Engine Number : 33761, 2) TecDoc Engine Number : 31425, 3) Transmission Type : 6-Speed Manual Transmission, 4) Transmission Code : TL4.000",30,1,C: FULLPACK DMF (CSC) with Self Adjusting Technology
,3365,DACIA,DUSTER SUV Van (HS_),1.5 dCi,X,Y,SUV Van,Front-Wheel Drive,1.5,"1,461",DIESEL,80,109,4,2,Diesel,"K9K 666, K9K 856","1) TecDoc Engine Number : 33761, 2) TecDoc Engine Number : 28611, 3) Transmission Type : 6-Speed Manual Transmission, 4) Transmission Code : TL4.000",30,1,C: FULLPACK DMF (CSC) with Self Adjusting Technology
,3405,RENAULT,CLIO IV Grandtour (KH_),1.5 dCi 110,X,Y,Estate | Grandtour | SPORT TOURER | Sport Tourer,Front-Wheel Drive,1.5,"1,461",DIESEL,81,110,4,2,Diesel,K9K 646,"1) TecDoc Engine Number : 32413, 2) Transmission Type : 6-Speed Manual Transmission, 3) Transmission Code : TL4.002",30,1,C: FULLPACK DMF (CSC) with Self Adjusting Technology
,3445,RENAULT,MEGANE IV Saloon (LVA/M/N),1.5 dCi 110,X,Y,Saloon | Grand Coupe,Front-Wheel Drive,1.5,"1,461",DIESEL,81,110,4,2,Diesel,"K9K 656, K9K 657, K9K 674, K9K 675, K9K 676, K9K 677",1) Transmission Type : 6-Speed Manual Transmission,30,1,C: FULLPACK DMF (CSC) with Self Adjusting Technology
,3485,RENAULT,MEGANE CC (EZ0/1_),"1.5 dCi (EZ0B, EZ07)",X,Y,Convertible,Front-Wheel Drive,1.5,"1,461",DIESEL,78,106,4,2,Diesel,K9K 832,"1) TecDoc Engine Number : 23521, 2) Transmission Type : 6-Speed Manual Transmission",30,1,C: FULLPACK DMF (CSC) with Self Adjusting Technology
,25,RENAULT,SCÉNIC IV (J9_),1.5 dCi 110,X,Y,MPV,Front-Wheel Drive,1.5,"1,461",DIESEL,81,110,4,2,Diesel,"K9K 646, K9K 647",1) TecDoc Engine Number : 32413,25,1,A: LuK DMF
,65,RENAULT,GRAND SCÉNIC IV (R9_),1.5 dCi 95 Hybrid Assist (R9A3),X,Y,MPV,Front-Wheel Drive,1.5,"1,461",DIESEL,70,95,4,2,Mild Hybrid,K9K 646,None,25,1,A: LuK DMF
,105,RENAULT,SCÉNIC III (JZ0/1_),1.5 dCi,X,Y,MPV,Front-Wheel Drive,1.5,"1,461",DIESEL,81,110,4,2,Diesel,"K9K 636, K9K 656, K9K 657, K9K 836, K9K 837",1) Transmission Code : TL4,25,1,A: LuK RepSet DMF
,145,RENAULT,"CLIO III Hatchback Van (SB_, SR_)",1.5 dCi,X,Y,Hatchback Van,Front-Wheel Drive,1.5,"1,461",DIESEL,78,106,4,2,Diesel,"K9K 764, K9K 772",None,25,1,A: LuK RepSet DMF
,185,RENAULT,KANGOO / GRAND KANGOO II (KW0/1_),"1.5 dCi 110 (KW0C, KW0H)",X,Y,MPV,Front-Wheel Drive,1.5,"1,461",DIESEL,80,110,4,2,Diesel,"K9K 804, K9K 816",None,25,1,A: LuK RepSet DMF
,225,RENAULT,MEGANE II Saloon (LM0/1_),1.5 dCi (LM1E),X,Y,Saloon,Front-Wheel Drive,1.5,"1,461",DIESEL,78,106,4,2,Diesel,K9K 732,None,25,1,A: LuK RepSet DMF
,265,RENAULT,MEGANE II Coupé-Cabriolet (EM0/1_),1.5 dCi (EM1E),X,Y,Convertible | Coupé-Cabriolet,Front-Wheel Drive,1.5,"1,461",DIESEL,78,106,4,2,Diesel,K9K 732,None,25,1,A: LuK RepSet DMF
,305,RENAULT,MEGANE II Estate (KM0/1_),1.5 dCi (KM16),X,Y,Estate | Grandtour | Sport Tourer,Front-Wheel Drive,1.5,"1,461",DIESEL,76,103,4,2,Diesel,K9K 734,None,25,1,A: LuK RepSet DMF
,345,RENAULT,SCÉNIC II (JM0/1_),1.5 dCi (JM16),X,Y,MPV,Front-Wheel Drive,1.5,"1,461",DIESEL,76,103,4,2,Diesel,"K9K 728, K9K 734",None,25,1,A: LuK RepSet DMF
,385,RENAULT,CLIO III Grandtour (KR0/1_),"1.5 dCi (KR0H, KR1S)",X,Y,Estate | Grandtour | Sportour,Front-Wheel Drive,1.5,"1,461",DIESEL,78,106,4,2,Diesel,"K9K 764, K9K 774",1) Transmission Code : TL4.002,25,1,A: LuK RepSet DMF
,425,RENAULT,KANGOO Express (FW0/1_),1.5 dCi 105 (FW0F),X,Y,Box Body/MPV | Express | Rapid,Front-Wheel Drive,1.5,"1,461",DIESEL,76,103,4,2,Diesel,K9K 806,None,25,1,A: LuK RepSet DMF
,465,RENAULT,MEGANE III Coupe (DZ0/1_),"1.5 dCi (DZ09, DZ0D, DZ1F, DZ1G, DZ14, DZ29)",X,Y,Coupe,Front-Wheel Drive,1.5,"1,461",DIESEL,81,110,4,2,Diesel,"K9K 636, K9K 656, K9K 836, K9K 837, K9K 846",None,25,1,A: LuK RepSet DMF
,505,RENAULT,SCÉNIC III (JZ0/1_),1.5 dCi,X,Y,MPV,Front-Wheel Drive,1.5,"1,461",DIESEL,78,106,4,2,Diesel,K9K 832,None,25,1,A: LuK RepSet DMF
,545,RENAULT,FLUENCE (L3_),1.5 dCi (L30B),X,Y,Saloon,Front-Wheel Drive,1.5,"1,461",DIESEL,78,106,4,2,Diesel,K9K 832,None,25,1,A: LuK RepSet DMF
,585,RENAULT,MEGANE III Coupe (DZ0/1_),1.5 dCi (DZ0B),X,Y,Coupe,Front-Wheel Drive,1.5,"1,461",DIESEL,78,106,4,2,Diesel,K9K 832,None,25,1,A: LuK RepSet DMF
,625,RENAULT,KANGOO / GRAND KANGOO II (KW0/1_),"1.5 dCi (KW0C, KW2C, KW4C)",X,Y,MPV,Front-Wheel Drive,1.5,"1,461",DIESEL,78,106,4,2,Diesel,K9K 804,None,25,1,A: LuK RepSet DMF
,665,MERCEDES-BENZ,CITAN Mixto (Double Cabin) (W415),"111 CDI (415.603, 415.605)",X,Y,Box Body/MPV | Dualiner | Mixto (Double Cabin),Front-Wheel Drive,1.5,"1,461",DIESEL,81,110,4,2,Diesel,OM 607.951 (K9K),None,25,1,A: LuK RepSet DMF
,705,NISSAN,"QASHQAI II (J11, J11_) | KICKS",1.5 dCi,X,Y,SUV | Wagon,Front-Wheel Drive,1.5,"1,461",DIESEL,81,110,4,2,Diesel,"K9K 636, K9K 646",1) Construction Year to : 201805,25,1,A: LuK RepSet DMF
,745,RENAULT,KANGOO / GRAND KANGOO II (KW0/1_),"1.5 dCi 110 (KW06, KW12)",X,Y,MPV,Front-Wheel Drive,1.5,"1,461",DIESEL,81,110,4,2,Diesel,"K9K 636, K9K 646, K9K 647, K9K 648",None,25,1,A: LuK RepSet DMF
,785,RENAULT,MEGANE III Coupe (DZ0/1_),1.5 dCi,X,Y,Coupe,Front-Wheel Drive,1.5,"1,461",DIESEL,70,95,4,2,Diesel,K9K 846,None,25,1,A: LuK RepSet DMF
,825,RENAULT,MEGANE IV Hatchback (B9A/M/N_) | MEGANE III,1.5 dCi 110 (B9A3),X,Y,Hatchback,Front-Wheel Drive,1.5,"1,461",DIESEL,81,110,4,2,Diesel,"K9K 646, K9K 648, K9K 656, K9K 657","1) TecDoc Engine Number : 32413, 2) TecDoc Engine Number : 32894, 3) Transmission Code : TL4",25,1,A: LuK RepSet DMF
,865,RENAULT,MEGANE IV Grandtour (K9A/M/N_),1.5 dCi 110,X,Y,Estate | Estate | Grandtour | Sport Tourer | Sporter,Front-Wheel Drive,1.5,"1,461",DIESEL,81,110,4,2,Diesel,"K9K 656, K9K 657","1) TecDoc Engine Number : 32894, 2) Transmission Code : TL4",25,1,A: LuK RepSet DMF
,905,RENAULT,DUSTER (HS_),"1.5 dCi (HSAE, HSAD, HSAF, HSJ7, HSMC, HSMD)",X,Y,SUV,Front-Wheel Drive,1.5,"1,461",DIESEL,80,109,4,2,Diesel,"K9K 856, K9K 858, K9K 898",1) Transmission Code : TL4,25,1,A: LuK RepSet DMF
,945,RENAULT,MEGANE II Estate Van (KM_),1.5 dCi (KM1E),X,Y,Estate Van,Front-Wheel Drive,1.5,"1,461",DIESEL,78,106,4,2,Diesel,K9K 732,None,25,1,A: LuK RepSet DMF
,985,RENAULT,MEGANE III Combi Van (KZ0/1),1.5 dCi,X,Y,Estate Van | Combi Van,Front-Wheel Drive,1.5,"1,461",DIESEL,81,110,4,2,Diesel,"K9K 836, K9K 837",None,25,1,A: LuK RepSet DMF
,1025,RENAULT,MEGANE II Hatchback Van (KM0/2_),1.5 dCi,X,Y,Hatchback Van | Hatchback Van,Front-Wheel Drive,1.5,"1,461",DIESEL,78,106,4,2,Diesel,K9K 732,None,25,1,A: LuK RepSet DMF
,1065,NISSAN,QASHQAI I VAN (J10) | DUALIS,1.5 dCi,X,Y,SUV Van | VAN,Front-Wheel Drive,1.5,"1,461",DIESEL,81,110,4,2,Diesel,K9K,None,25,1,A: LuK RepSet DMF
,1105,RENAULT,KANGOO Express (FW0/1_),"1.5 dCi (FW0C, FW1C)",X,Y,Box Body/MPV | Express | Rapid,Front-Wheel Drive,1.5,"1,461",DIESEL,78,106,4,2,Diesel,K9K 804,None,25,1,A: LuK RepSet DMF
,1145,NISSAN,QASHQAI +2 VAN (JJ10E) | DUALIS,1.5 dCi,X,Y,SUV Van | VAN,Front-Wheel Drive,1.5,"1,461",DIESEL,81,110,4,2,Diesel,K9K,None,25,1,A: LuK RepSet DMF
,1185,DACIA,DUSTER (HM_),1.5 dCi 115 (HMAD),X,Y,SUV,Front-Wheel Drive,1.5,"1,461",DIESEL,85,116,4,2,Diesel,"K9K 872, K9K 876 (10.20-.)",None,25,1,A: LuK RepSet DMF
,1225,MERCEDES-BENZ,CITAN MPV (W415),108 CDI (415.703),X,Y,MPV | Kombi | Tila-Auto | Tourer | Traveliner,Front-Wheel Drive,1.5,"1,461",DIESEL,59,80,4,2,Diesel,OM 608.915 (K9K),None,25,1,A: LuK RepSet DMF
,1265,RENAULT,KANGOO / GRAND KANGOO II (KW0/1_),1.5 dCi 115 (KW17),X,Y,MPV,Front-Wheel Drive,1.5,"1,461",DIESEL,85,115,4,2,Diesel,K9K 872,1) Transmission Code : TL4,25,1,A: LuK RepSet DMF
,1305,RENAULT,KANGOO / GRAND KANGOO II (KW0/1_),1.5 dCi 95 (KW16),X,Y,MPV,Front-Wheel Drive,1.5,"1,461",DIESEL,70,95,4,2,Diesel,K9K 872,1) Transmission Code : TL4,25,1,A: LuK RepSet DMF
,1345,NISSAN,NV250 Van (X61),dCi 80,X,Y,Van,Front-Wheel Drive,1.5,"1,461",DIESEL,59,80,4,2,Diesel,K9K 872,None,25,1,A: LuK RepSet DMF
,1385,NISSAN,NV250 Bus (X61),dCi 95,X,Y,Bus,Front-Wheel Drive,1.5,"1,461",DIESEL,70,95,4,2,Diesel,K9K 872,None,25,1,A: LuK RepSet DMF
,1425,RENAULT,KANGOO Express (FW0/1_),1.5 dCi 80 (FW15),X,Y,Box Body/MPV | Express | Rapid,Front-Wheel Drive,1.5,"1,461",DIESEL,59,80,4,2,Diesel,K9K 872,1) Transmission Code : TL4,25,1,A: LuK RepSet DMF
,1465,RENAULT,EXPRESS Box Body/MPV,1.5 Blue dCi 95 (F6AB),X,Y,Box Body/MPV,Front-Wheel Drive,1.5,"1,461",DIESEL,70,95,4,2,Diesel,"K9K 872, K9K 876",None,25,1,A: LuK RepSet DMF
,1505,RENAULT,KANGOO III Box Body/MPV,1.5 Blue dCi 115 (FJAC),X,Y,Box Body/MPV | RAPID,Front-Wheel Drive,1.5,"1,461",DIESEL,85,116,4,2,Diesel,"K9K 876, K9K 877","1) TecDoc Engine Number : 45124, 2) Transmission Code : TL4",25,1,A: LuK RepSet DMF
,1545,MERCEDES-BENZ,CITAN Box Body/MPV (W420),"1.5 112 CDI (420.633, 420.635)",X,Y,Box Body/MPV,Front-Wheel Drive,1.5,"1,461",DIESEL,85,116,4,2,Diesel,OM 608.915 (K9K),None,25,1,A: LuK RepSet DMF
,1585,RENAULT,KANGOO III MPV,Blue dCi 115 (KJAC),X,Y,MPV,Front-Wheel Drive,1.5,"1,461",DIESEL,85,116,4,2,Diesel,"K9K 876, K9K 877","1) TecDoc Engine Number : 45124, 2) Transmission Code : TL4",25,1,A: LuK RepSet DMF
,1625,DACIA,BIGSTER,1.5 dCi 115,X,Y,SUV,Front-Wheel Drive,1.5,"1,461",DIESEL,85,115,4,2,Diesel,K9K 876,None,25,1,A: LuK RepSet DMF
,1665,RENAULT,"MEGANE III Hatchback (BZ0/1_, B3_)",1.5 dCi,X,Y,Hatchback,Front-Wheel Drive,1.5,"1,461",DIESEL,78,106,4,2,Diesel,K9K 832,None,25,1,B: DMF Module plus CSC
,1705,RENAULT,GRAND SCÉNIC III (JZ0/1_),"1.5 dCi (JZ09, JZ0D, JZ10, JZ14, JZ1G, JZ29, JZ2C)",X,Y,MPV,Front-Wheel Drive,1.5,"1,461",DIESEL,81,110,4,2,Diesel,"K9K 636, K9K 656, K9K 657, K9K 836, K9K 837","1) TecDoc Engine Number : 23743, 2) TecDoc Engine Number : 26246, 3) TecDoc Engine Number : 28220, 4) TecDoc Engine Number : 32895, 5) TecDoc Engine Number : 32894",25,1,B: DMF Module plus CSC
,1745,RENAULT,KANGOO BE BOP (KW0/1_),1.5 dCi,X,Y,MPV,Front-Wheel Drive,1.5,"1,461",DIESEL,80,110,4,2,Diesel,K9K 804,"1) TecDoc Engine Number : 20831, 2) Engine Code : K9K 816",25,1,B: DMF Module plus CSC
,1785,RENAULT,KANGOO Express (FW0/1_),"1.5 dCi 110 (FW0C, FW0H)",X,Y,Box Body/MPV | Express | Rapid,Front-Wheel Drive,1.5,"1,461",DIESEL,80,109,4,2,Diesel,"K9K 804, K9K 816",None,25,1,B: DMF Module plus CSC
,1825,RENAULT,SCÉNIC II (JM0/1_),"1.5 dCi (JM1E, JM16)",X,Y,MPV,Front-Wheel Drive,1.5,"1,461",DIESEL,78,106,4,2,Diesel,"K9K 732, K9K 734",None,25,1,B: DMF Module plus CSC
,1865,RENAULT,"CLIO III (BR0/1, CR0/1) | CLIO CAMPUS | LUTECIA","1.5 dCi (BR0H, CR0H, CR1S, BR1S)",X,Y,Hatchback,Front-Wheel Drive,1.5,"1,461",DIESEL,78,106,4,2,Diesel,"K9K 764, K9K 774",1) TecDoc Engine Number : 18538,25,1,B: DMF Module plus CSC
,1905,RENAULT,MEGANE II Saloon (LM0/1_),1.5 dCi (LM16),X,Y,Saloon,Front-Wheel Drive,1.5,"1,461",DIESEL,76,103,4,2,Diesel,K9K 734,None,25,1,B: DMF Module plus CSC
,1945,RENAULT,LAGUNA III Grandtour (KT0/1),"1.5 dCi (KT0A, KT0R, KT02)",X,Y,Estate | Grandtour | Sport Tourer | Sportour,Front-Wheel Drive,1.5,"1,461",DIESEL,81,110,4,2,Diesel,"K9K 780, K9K 782, K9K 846",1) Transmission Type : Manual Transmission,25,1,B: DMF Module plus CSC
,1985,NISSAN,TIIDA Hatchback (C11) | LATIO,1.5 dCi,X,Y,Hatchback,Front-Wheel Drive,1.5,"1,461",DIESEL,78,106,4,2,Diesel,"K9K, K9K 278",None,25,1,B: DMF Module plus CSC
,2025,RENAULT,"MEGANE III Hatchback (BZ0/1_, B3_)","1.5 dCi (BZ09, BZ0D, BZ1W, BZ29, BZ14)",X,Y,Hatchback,Front-Wheel Drive,1.5,"1,461",DIESEL,81,110,4,2,Diesel,"K9K 636, K9K 656, K9K 657, K9K 836, K9K 837, K9K 846",None,25,1,B: DMF Module plus CSC
,2065,RENAULT,MEGANE III Grandtour (KZ0/1) | GRAN TOUR,"1.5 dCi (KZ09, KZ0D, KZ1G, KZ29, KZ14, KZ1W, KZ10, KZ1F,...",X,Y,Estate | Grandtour,Front-Wheel Drive,1.5,"1,461",DIESEL,81,110,4,2,Diesel,"K9K 636, K9K 656, K9K 657, K9K 836, K9K 837, K9K 846",None,25,1,B: DMF Module plus CSC
,2105,NISSAN,CUBE (Z12),1.5 dCi,X,Y,Hatchback,Front-Wheel Drive,1.5,"1,461",DIESEL,78,106,4,2,Diesel,"K9K, K9K 270",None,25,1,B: DMF Module plus CSC
,2145,RENAULT,MEGANE III Coupe (DZ0/1_),1.5 dCi (DZ0B),X,Y,Coupe,Front-Wheel Drive,1.5,"1,461",DIESEL,78,106,4,2,Diesel,K9K 832,None,25,1,B: DMF Module plus CSC
,2185,RENAULT,KANGOO / GRAND KANGOO II (KW0/1_),"1.5 dCi (KW0C, KW2C, KW4C)",X,Y,MPV,Front-Wheel Drive,1.5,"1,461",DIESEL,78,106,4,2,Diesel,K9K 804,None,25,1,B: DMF Module plus CSC
,2225,MERCEDES-BENZ,CITAN Box Body/MPV (W415),"111 CDI (415.603, 415.605)",X,Y,Box Body/MPV | Panel Van,Front-Wheel Drive,1.5,"1,461",DIESEL,81,110,4,2,Diesel,OM 607.951 (K9K),None,25,1,B: DMF Module plus CSC
,2265,RENAULT,MEGANE III Grandtour (KZ0/1) | GRAN TOUR,"1.5 dCi (KZ1G, KZ1W, KZ0R)",X,Y,Estate | Grandtour,Front-Wheel Drive,1.5,"1,461",DIESEL,70,95,4,2,Diesel,K9K 846,None,25,1,B: DMF Module plus CSC
,2305,RENAULT,FLUENCE (L3_),1.5 dCi,X,Y,Saloon,Front-Wheel Drive,1.5,"1,461",DIESEL,70,95,4,2,Diesel,K9K 826,None,25,1,B: DMF Module plus CSC
,2345,RENAULT,MEGANE III Coupe (DZ0/1_),1.5 dCi,X,Y,Coupe,Front-Wheel Drive,1.5,"1,461",DIESEL,70,95,4,2,Diesel,K9K 846,None,25,1,B: DMF Module plus CSC
,2385,DACIA,DUSTER SUV Van (HS_),1.5 dCi,X,Y,SUV Van,Front-Wheel Drive,1.5,"1,461",DIESEL,66,90,4,2,Diesel,K9K 892,None,25,1,B: DMF Module plus CSC
,2425,RENAULT,DUSTER (HS_),1.5 dCi 4x4 (HSMC),X,Y,SUV,All-wheel Drive | 4x4,1.5,"1,461",DIESEL,81,110,4,2,Diesel,K9K 896,"1) Transmission Code : TL4 043, 2) Transmission Type : 6-Speed Manual Transmission",25,1,B: DMF Module plus CSC
,2465,RENAULT,DUSTER (HS_),"1.5 dCi (HSAE, HSAD, HSAF, HSJ7, HSMC, HSMD)",X,Y,SUV,Front-Wheel Drive,1.5,"1,461",DIESEL,80,109,4,2,Diesel,"K9K 856, K9K 858, K9K 898",1) Transmission Type : 6-Speed Manual Transmission,25,1,B: DMF Module plus CSC
,2505,RENAULT,MEGANE IV Saloon (LVA/M/N),1.5 dCi 110,X,Y,Saloon | Grand Coupe,Front-Wheel Drive,1.5,"1,461",DIESEL,81,110,4,2,Diesel,"K9K 656, K9K 657, K9K 674, K9K 675, K9K 676, K9K 677","1) TecDoc Engine Number : 32895, 2) TecDoc Engine Number : 38613, 3) TecDoc Engine Number : 38615, 4) Transmission Type : 6-Speed Manual Transmission, 5) Transmission ID : TL4 086",25,1,B: DMF Module plus CSC
,2545,RENAULT,DUSTER (HM_),1.5 dCi 110 (HMAB),X,Y,SUV,Front-Wheel Drive,1.5,"1,461",DIESEL,80,109,4,2,Diesel,"K9K 656, K9K 658, K9K 667, K9K 678, K9K 858",1) Transmission Type : 6-Speed Manual Transmission,25,1,B: DMF Module plus CSC
,2585,RENAULT,"MEGANE III Hatchback (BZ0/1_, B3_)",1.5 dCi,X,Y,Hatchback,Front-Wheel Drive,1.5,"1,461",DIESEL,78,106,4,2,Diesel,K9K 832,"1) TecDoc Engine Number : 23521, 2) Transmission Type : 6-Speed Manual Transmission, 3) Transmission Code : TL4",25,1,C: FULLPACK DMF (CSC) with Self Adjusting Technology
,2625,RENAULT,SCÉNIC III (JZ0/1_),"1.5 dCi (JZ02, JZ0R)",X,Y,MPV,Front-Wheel Drive,1.5,"1,461",DIESEL,70,95,4,2,Diesel,K9K 846,"1) TecDoc Engine Number : 24579, 2) Transmission Type : 6-Speed Manual Transmission, 3) Transmission Code : TL4.054",25,1,C: FULLPACK DMF (CSC) with Self Adjusting Technology
,2665,NISSAN,NV200 / EVALIA Bus,"1.5 dCi 90 (M20, M20M)",X,Y,Bus,Front-Wheel Drive,1.5,"1,461",DIESEL,66,90,4,2,Diesel,K9K 892,"1) TecDoc Engine Number : 31620, 2) Transmission Type : Manual Transmission",25,1,C: FULLPACK DMF (CSC) with Self Adjusting Technology
,2705,RENAULT,KANGOO Express (FW0/1_),"1.5 dCi 110 (FW0C, FW0H)",X,Y,Box Body/MPV | Express | Rapid,Front-Wheel Drive,1.5,"1,461",DIESEL,80,109,4,2,Diesel,"K9K 804, K9K 816","1) TecDoc Engine Number : 20831, 2) Transmission Type : 6-Speed Manual Transmission, 3) Transmission Code : TL4.000",25,1,C: FULLPACK DMF (CSC) with Self Adjusting Technology
,2745,RENAULT,SCÉNIC II (JM0/1_),"1.5 dCi (JM1E, JM16)",X,Y,MPV,Front-Wheel Drive,1.5,"1,461",DIESEL,78,106,4,2,Diesel,"K9K 732, K9K 734","1) TecDoc Engine Number : 20829, 2) Transmission Type : Manual Transmission",25,1,C: FULLPACK DMF (CSC) with Self Adjusting Technology
,2785,RENAULT,"CLIO III (BR0/1, CR0/1) | CLIO CAMPUS | LUTECIA","1.5 dCi (BR0H, CR0H, CR1S, BR1S)",X,Y,Hatchback,Front-Wheel Drive,1.5,"1,461",DIESEL,78,106,4,2,Diesel,"K9K 764, K9K 774","1) TecDoc Engine Number : 18538, 2) TecDoc Engine Number : 31279, 3) Transmission Type : 6-Speed Manual Transmission, 4) Transmission Code : TL4.002",25,1,C: FULLPACK DMF (CSC) with Self Adjusting Technology
,2825,RENAULT,MODUS / GRAND MODUS (F/JP0_),1.5 dCi (JP02),X,Y,Hatchback,Front-Wheel Drive,1.5,"1,461",DIESEL,76,103,4,2,Diesel,K9K 772,"1) TecDoc Engine Number : 23549, 2) Transmission Type : 6-Speed Manual Transmission, 3) Transmission Code : TL4.002, 4) Construction Year to : 200902",25,1,C: FULLPACK DMF (CSC) with Self Adjusting Technology
,2865,RENAULT,MEGANE II Coupé-Cabriolet (EM0/1_),1.5 dCi (EM16),X,Y,Convertible | Coupé-Cabriolet,Front-Wheel Drive,1.5,"1,461",DIESEL,76,103,4,2,Diesel,K9K 734,"1) TecDoc Engine Number : 22192, 2) Transmission Type : 6-Speed Manual Transmission, 3) Transmission Code : TL4.001, 4) Transmission Code : TL4.014, 5) Transmission Code : TL4.016",25,1,C: FULLPACK DMF (CSC) with Self Adjusting Technology
,2905,RENAULT,CLIO III Grandtour (KR0/1_),"1.5 dCi (KR1C, KR1N)",X,Y,Estate | Grandtour | Sportour,Front-Wheel Drive,1.5,"1,461",DIESEL,76,103,4,2,Diesel,K9K 772,"1) TecDoc Engine Number : 23549, 2) Transmission Type : 6-Speed Manual Transmission, 3) Transmission Code : TL4.002",25,1,C: FULLPACK DMF (CSC) with Self Adjusting Technology
,2945,NISSAN,TIIDA Saloon (SC11) | TIIDA LATIO | LATIO,1.5 dCi,X,Y,Saloon,Front-Wheel Drive,1.5,"1,461",DIESEL,78,106,4,2,Diesel,"K9K, K9K 278","1) TecDoc Engine Number : 33676, 2) Transmission Type : Manual Transmission",25,1,C: FULLPACK DMF (CSC) with Self Adjusting Technology
,2985,RENAULT,"MEGANE III Hatchback (BZ0/1_, B3_)","1.5 dCi (BZ09, BZ0D, BZ1W, BZ29, BZ14)",X,Y,Hatchback,Front-Wheel Drive,1.5,"1,461",DIESEL,81,110,4,2,Diesel,"K9K 636, K9K 656, K9K 657, K9K 836, K9K 837, K9K 846","1) TecDoc Engine Number : 28220, 2) TecDoc Engine Number : 32894, 3) TecDoc Engine Number : 23743, 4) TecDoc Engine Number : 24579, 5) Transmission Type : 6-Speed Manual Transmission",25,1,C: FULLPACK DMF (CSC) with Self Adjusting Technology
,3025,RENAULT,MEGANE III Grandtour (KZ0/1) | GRAN TOUR,"1.5 dCi (KZ09, KZ0D, KZ1G, KZ29, KZ14, KZ1W, KZ10, KZ1F,...",X,Y,Estate | Grandtour,Front-Wheel Drive,1.5,"1,461",DIESEL,81,110,4,2,Diesel,"K9K 636, K9K 656, K9K 657, K9K 836, K9K 837, K9K 846","1) TecDoc Engine Number : 28220, 2) TecDoc Engine Number : 23743, 3) TecDoc Engine Number : 24579, 4) Transmission Type : 6-Speed Manual Transmission",25,1,C: FULLPACK DMF (CSC) with Self Adjusting Technology
,3065,NISSAN,CUBE (Z12),1.5 dCi,X,Y,Hatchback,Front-Wheel Drive,1.5,"1,461",DIESEL,78,106,4,2,Diesel,"K9K, K9K 270","1) TecDoc Engine Number : 32710, 2) Transmission Type : 6-Speed Manual Transmission",25,1,C: FULLPACK DMF (CSC) with Self Adjusting Technology
,3105,NISSAN,JUKE (F15),1.5 dCi,X,Y,SUV,Front-Wheel Drive,1.5,"1,461",DIESEL,81,110,4,2,Diesel,"K9K 410, K9K 636, K9K 646, K9K 896","1) TecDoc Engine Number : 29420, 2) Transmission Type : 6-Speed Manual Transmission",25,1,C: FULLPACK DMF (CSC) with Self Adjusting Technology
,3145,DACIA,LODGY (JS_),"1.5 dCi (JSMC, JSAF)",X,Y,MPV,Front-Wheel Drive,1.5,"1,461",DIESEL,79,107,4,2,Diesel,"K9K 846, K9K 856","1) TecDoc Engine Number : 31425, 2) Transmission Type : 6-Speed Manual Transmission, 3) Transmission Code : TL4, 4) Construction Year to : 201509",25,1,C: FULLPACK DMF (CSC) with Self Adjusting Technology
,3185,MERCEDES-BENZ,CITAN Box Body/MPV (W415),"111 CDI (415.603, 415.605)",X,Y,Box Body/MPV | Panel Van,Front-Wheel Drive,1.5,"1,461",DIESEL,81,110,4,2,Diesel,OM 607.951 (K9K),"1) TecDoc Engine Number : 26816, 2) Transmission Type : Manual Transmission",25,1,C: FULLPACK DMF (CSC) with Self Adjusting Technology
,3225,RENAULT,MEGANE III Grandtour (KZ0/1) | GRAN TOUR,"1.5 dCi (KZ1G, KZ1W, KZ0R)",X,Y,Estate | Grandtour,Front-Wheel Drive,1.5,"1,461",DIESEL,70,95,4,2,Diesel,K9K 846,"1) TecDoc Engine Number : 24579, 2) Transmission Type : 6-Speed Manual Transmission, 3) Transmission Code : TL4",25,1,C: FULLPACK DMF (CSC) with Self Adjusting Technology
,3265,RENAULT,FLUENCE (L3_),1.5 dCi,X,Y,Saloon,Front-Wheel Drive,1.5,"1,461",DIESEL,70,95,4,2,Diesel,K9K 826,"1) TecDoc Engine Number : 29780, 2) Transmission Type : 6-Speed Manual Transmission",25,1,C: FULLPACK DMF (CSC) with Self Adjusting Technology
,3305,RENAULT,"CAPTUR I (J5_, H5_)",1.5 dCi 110,X,Y,Hatchback,Front-Wheel Drive,1.5,"1,461",DIESEL,81,110,4,2,Diesel,"K9K 646, K9K 856","1) TecDoc Engine Number : 32413, 2) Transmission Type : 6-Speed Manual Transmission, 3) Transmission Code : TL4",25,1,C: FULLPACK DMF (CSC) with Self Adjusting Technology
,3345,RENAULT,MEGANE IV Hatchback (B9A/M/N_) | MEGANE III,1.5 dCi 90 (B9A1),X,Y,Hatchback,Front-Wheel Drive,1.5,"1,461",DIESEL,66,90,4,2,Diesel,K9K 656,"1) TecDoc Engine Number : 32894, 2) Transmission Type : 6-Speed Manual Transmission, 3) Transmission Code : TL4.022",25,1,C: FULLPACK DMF (CSC) with Self Adjusting Technology
,3385,RENAULT,MEGANE IV Grandtour (K9A/M/N_),1.5 dCi 90,X,Y,Estate | Estate | Grandtour | Sport Tourer | Sporter,Front-Wheel Drive,1.5,"1,461",DIESEL,66,90,4,2,Diesel,K9K 656,"1) TecDoc Engine Number : 32894, 2) Transmission Type : 6-Speed Manual Transmission, 3) Transmission Code : TL4.022",25,1,C: FULLPACK DMF (CSC) with Self Adjusting Technology
,3425,DACIA,LODGY (JS_),1.5 dCi,X,Y,MPV,Front-Wheel Drive,1.5,"1,461",DIESEL,81,110,4,2,Diesel,"K9K 666, K9K 846","1) TecDoc Engine Number : 31425, 2) Transmission Type : 6-Speed Manual Transmission, 3) Transmission Code : TL4, 4) Construction Year to : 201509",25,1,C: FULLPACK DMF (CSC) with Self Adjusting Technology
,3465,DACIA,DUSTER (HM_),1.5 dCi 90 (HMAA),X,Y,SUV,Front-Wheel Drive,1.5,"1,461",DIESEL,66,90,4,2,Diesel,K9K 656,"1) TecDoc Engine Number : 35726, 2) Transmission Type : 6-Speed Manual Transmission",25,1,C: FULLPACK DMF (CSC) with Self Adjusting Technology
,3505,RENAULT,MEGANE II Hatchback Van (KM0/2_),1.5 dCi,X,Y,Hatchback Van | Hatchback Van,Front-Wheel Drive,1.5,"1,461",DIESEL,76,103,4,2,Diesel,K9K 734,"1) TecDoc Engine Number : 22192, 2) Transmission Type : 6-Speed Manual Transmission",25,1,C: FULLPACK DMF (CSC) with Self Adjusting Technology
,35,RENAULT,GRAND SCÉNIC IV (R9_),1.5 dCi 110 (R9A3),X,Y,MPV,Front-Wheel Drive,1.5,"1,461",DIESEL,81,110,4,2,Diesel,"K9K 646, K9K 647, K9K 649",1) TecDoc Engine Number : 32413,15,1,A: LuK DMF
,75,RENAULT,MEGANE III Grandtour (KZ0/1) | GRAN TOUR,"1.5 dCi (KZ1M, KZ1W, KZ0R)",X,Y,Estate | Grandtour,Front-Wheel Drive,1.5,"1,461",DIESEL,78,106,4,2,Diesel,"K9K 832, K9K 836, K9K 846",1) Transmission Code : TL4,15,1,A: LuK RepSet DMF
,115,RENAULT,GRAND SCÉNIC III (JZ0/1_),"1.5 dCi (JZ09, JZ0D, JZ10, JZ14, JZ1G, JZ29, JZ2C)",X,Y,MPV,Front-Wheel Drive,1.5,"1,461",DIESEL,81,110,4,2,Diesel,"K9K 636, K9K 656, K9K 657, K9K 836, K9K 837",1) Transmission Code : TL4,15,1,A: LuK RepSet DMF
,155,RENAULT,KANGOO BE BOP (KW0/1_),1.5 dCi,X,Y,MPV,Front-Wheel Drive,1.5,"1,461",DIESEL,80,110,4,2,Diesel,K9K 804,None,15,1,A: LuK RepSet DMF
,195,RENAULT,MODUS / GRAND MODUS (F/JP0_),"1.5 dCi (FP0F, JP0F)",X,Y,Hatchback,Front-Wheel Drive,1.5,"1,461",DIESEL,63,86,4,2,Diesel,"K9K 760, K9K 766, K9K 772",1) TecDoc Engine Number : 23549,15,1,A: LuK RepSet DMF
,235,RENAULT,MEGANE II Estate (KM0/1_),"1.5 dCi (KM16, KM1E)",X,Y,Estate | Grandtour | Sport Tourer,Front-Wheel Drive,1.5,"1,461",DIESEL,78,106,4,2,Diesel,K9K 732,None,15,1,A: LuK RepSet DMF
,275,NISSAN,"QASHQAI I (J10, NJ10) | DUALIS",1.5 dCi,X,Y,SUV,Front-Wheel Drive,1.5,"1,461",DIESEL,78,106,4,2,Diesel,"K9K 282, K9K 292",None,15,1,A: LuK RepSet DMF
,315,RENAULT,MEGANE II Saloon (LM0/1_),1.5 dCi (LM16),X,Y,Saloon,Front-Wheel Drive,1.5,"1,461",DIESEL,76,103,4,2,Diesel,K9K 734,None,15,1,A: LuK RepSet DMF
,355,RENAULT,LAGUNA III (BT0/1),"1.5 dCi (BT00, BT0A, BT0T, BT1J)",X,Y,Hatchback,Front-Wheel Drive,1.5,"1,461",DIESEL,81,110,4,2,Diesel,"K9K 780, K9K 782, K9K 846",None,15,1,A: LuK RepSet DMF
,395,RENAULT,KANGOO / GRAND KANGOO II (KW0/1_),1.5 dCi 105 (KW0F),X,Y,MPV,Front-Wheel Drive,1.5,"1,461",DIESEL,76,103,4,2,Diesel,K9K 806,None,15,1,A: LuK RepSet DMF
,435,RENAULT,GRAND SCÉNIC II (JM0/1_),1.5 dCi (JM1E),X,Y,MPV,Front-Wheel Drive,1.5,"1,461",DIESEL,78,106,4,2,Diesel,K9K 732,None,15,1,A: LuK RepSet DMF
,475,NISSAN,"QASHQAI I (J10, NJ10) | DUALIS",1.5 dCi,X,Y,SUV,Front-Wheel Drive,1.5,"1,461",DIESEL,76,103,4,2,Diesel,"K9K 282, K9K 292",None,15,1,A: LuK RepSet DMF
,515,RENAULT,GRAND SCÉNIC III (JZ0/1_),"1.5 dCi (JZ0B, JZ07)",X,Y,MPV,Front-Wheel Drive,1.5,"1,461",DIESEL,78,106,4,2,Diesel,K9K 832,None,15,1,A: LuK RepSet DMF
,555,DACIA,DUSTER (HS_),1.5 dCi (HSMC),X,Y,SUV,Front-Wheel Drive,1.5,"1,461",DIESEL,79,107,4,2,Diesel,"K9K 896, K9K 898",None,15,1,A: LuK RepSet DMF
,595,DACIA,DUSTER (HS_),1.5 dCi,X,Y,SUV,Front-Wheel Drive,1.5,"1,461",DIESEL,80,109,4,2,Diesel,"K9K 658, K9K 666, K9K 667, K9K 856, K9K 858",1) Transmission Code : TL4,15,1,A: LuK RepSet DMF
,635,RENAULT,LAGUNA Coupe (DT0/1),1.5 dCi,X,Y,Coupe,Front-Wheel Drive,1.5,"1,461",DIESEL,81,110,4,2,Diesel,K9K 846,1) Transmission Code : TL4,15,1,A: LuK RepSet DMF
,675,MERCEDES-BENZ,CITAN MPV (W415),"111 CDI (415.703, 415.705)",X,Y,MPV | Kombi | Tila-Auto | Tourer | Traveliner,Front-Wheel Drive,1.5,"1,461",DIESEL,81,110,4,2,Diesel,OM 607.951 (K9K),None,15,1,A: LuK RepSet DMF
,715,RENAULT,GRAND SCÉNIC II (JM0/1_),1.5 dCi,X,Y,MPV,Front-Wheel Drive,1.5,"1,461",DIESEL,76,103,4,2,Diesel,K9K 734,None,15,1,A: LuK RepSet DMF
,755,RENAULT,KANGOO Express (FW0/1_),"1.5 dCi 110 (FW06, FW12)",X,Y,Box Body/MPV | Express | Rapid,Front-Wheel Drive,1.5,"1,461",DIESEL,81,110,4,2,Diesel,"K9K 636, K9K 646, K9K 647, K9K 648",1) Transmission Type : 6-Speed Manual Transmission,15,1,A: LuK RepSet DMF
,795,DACIA,LODGY (JS_),1.5 dCi,X,Y,MPV,Front-Wheel Drive,1.5,"1,461",DIESEL,80,109,4,2,Diesel,"K9K 666, K9K 846",1) Transmission Code : TL4,15,1,A: LuK RepSet DMF
,835,DACIA,DUSTER SUV Van (HS_),1.5 dCi,X,Y,SUV Van,Front-Wheel Drive,1.5,"1,461",DIESEL,80,109,4,2,Diesel,"K9K 666, K9K 856",1) Transmission Code : TL4,15,1,A: LuK RepSet DMF
,875,RENAULT,CLIO IV Grandtour (KH_),1.5 dCi 110,X,Y,Estate | Grandtour | SPORT TOURER | Sport Tourer,Front-Wheel Drive,1.5,"1,461",DIESEL,81,110,4,2,Diesel,K9K 646,None,15,1,A: LuK RepSet DMF
,915,DACIA,DUSTER (HS_),"1.5 dCi (HSMD, HSM3)",X,Y,SUV,Front-Wheel Drive,1.5,"1,461",DIESEL,81,110,4,2,Diesel,"K9K 856, K9K 858, K9K 898",1) Transmission Code : TL4,15,1,A: LuK RepSet DMF
,955,DACIA,DUSTER (HM_),1.5 dCi 90 (HMAA),X,Y,SUV,Front-Wheel Drive,1.5,"1,461",DIESEL,66,90,4,2,Diesel,K9K 656,None,15,1,A: LuK RepSet DMF
,995,RENAULT,MEGANE CC (EZ0/1_),"1.5 dCi (EZ0B, EZ07)",X,Y,Convertible,Front-Wheel Drive,1.5,"1,461",DIESEL,78,106,4,2,Diesel,K9K 832,None,15,1,A: LuK RepSet DMF
,1035,RENAULT,DUSTER (HM_),1.5 dCi 110 (HMAB),X,Y,SUV,Front-Wheel Drive,1.5,"1,461",DIESEL,80,109,4,2,Diesel,"K9K 656, K9K 658, K9K 667, K9K 678, K9K 858",None,15,1,A: LuK RepSet DMF
,1075,NISSAN,QASHQAI II VAN (J11_),1.5 dCi,X,Y,SUV Van | VAN,Front-Wheel Drive,1.5,"1,461",DIESEL,81,110,4,2,Diesel,K9K 646,None,15,1,A: LuK RepSet DMF
,1115,NISSAN,QASHQAI +2 (JJ10E) | DUALIS,1.5 dCi,X,Y,SUV,Front-Wheel Drive,1.5,"1,461",DIESEL,76,103,4,2,Diesel,"K9K 282, K9K 292",None,15,1,A: LuK RepSet DMF
,1155,DACIA,DOKKER MPV (KE_),"1.5 dCi / Blue dCi 75 (KEAJ, KEAH, KEJW)",X,Y,MPV,Front-Wheel Drive,1.5,"1,461",DIESEL,55,75,4,2,Diesel,"K9K 612, K9K 626, K9K 872","1) TecDoc Engine Number : 37036, 2) Transmission Code : TL4",15,1,A: LuK RepSet DMF
,1195,DACIA,LODGY (JS_),"1.5 Blue dCi 115 (JSJT, JSNR)",X,Y,MPV,Front-Wheel Drive,1.5,"1,461",DIESEL,85,116,4,2,Diesel,"K9K 872, K9K 876",1) Transmission Code : TL4,15,1,A: LuK RepSet DMF
,1235,MERCEDES-BENZ,CITAN MPV (W415),109 CDI (415.703),X,Y,MPV | Kombi | Tila-Auto | Tourer | Traveliner,Front-Wheel Drive,1.5,"1,461",DIESEL,70,95,4,2,Diesel,OM 608.915 (K9K),None,15,1,A: LuK RepSet DMF
,1275,MERCEDES-BENZ,CITAN Box Body/MPV (W415),108 CDI (415.603),X,Y,Box Body/MPV | Panel Van,Front-Wheel Drive,1.5,"1,461",DIESEL,59,80,4,2,Diesel,OM 608.915 (K9K),None,15,1,A: LuK RepSet DMF
,1315,RENAULT,CLIO V (B7_),1.5 Blue dCi 85 (B7AG),X,Y,Hatchback,Front-Wheel Drive,1.5,"1,461",DIESEL,63,86,4,2,Diesel,"K9K 854, K9K 872",None,15,1,A: LuK RepSet DMF
,1355,NISSAN,NV250 Van (X61),dCi 95,X,Y,Van,Front-Wheel Drive,1.5,"1,461",DIESEL,70,95,4,2,Diesel,K9K 872,None,15,1,A: LuK RepSet DMF
,1395,NISSAN,NV250 Bus (X61),dCi 115,X,Y,Bus,Front-Wheel Drive,1.5,"1,461",DIESEL,85,116,4,2,Diesel,K9K 872,None,15,1,A: LuK RepSet DMF
,1435,RENAULT,KANGOO Express (FW0/1_),1.5 dCi 95 (FW16),X,Y,Box Body/MPV | Express | Rapid,Front-Wheel Drive,1.5,"1,461",DIESEL,70,95,4,2,Diesel,K9K 872,1) Transmission Code : TL4,15,1,A: LuK RepSet DMF
,1475,RENAULT,KANGOO III MPV,Blue dCi 95 (KJAB),X,Y,MPV,Front-Wheel Drive,1.5,"1,461",DIESEL,70,95,4,2,Diesel,"K9K 876, K9K 877","1) TecDoc Engine Number : 45124, 2) Transmission Code : TL4",15,1,A: LuK RepSet DMF
,1515,RENAULT,KANGOO III MPV,Blue dCi 75 (KJAA),X,Y,MPV,Front-Wheel Drive,1.5,"1,461",DIESEL,55,75,4,2,Diesel,K9K 876,1) Transmission Code : TL4,15,1,A: LuK RepSet DMF
,1555,MERCEDES-BENZ,CITAN Tourer (W420),108 CDI (420.713),X,Y,MPV | Tourer,Front-Wheel Drive,1.5,"1,461",DIESEL,55,75,4,2,Diesel,OM 608.915 (K9K),None,15,1,A: LuK RepSet DMF
,1595,MERCEDES-BENZ,CITAN Tourer (W420),112 CDI (420.733),X,Y,MPV | Tourer,Front-Wheel Drive,1.5,"1,461",DIESEL,85,116,4,2,Diesel,OM 608.915 (K9K),None,15,1,A: LuK RepSet DMF
,1635,DACIA,"DUSTER (PYM_, PYN_)",1.5 dCi 85,X,Y,SUV,Front-Wheel Drive,1.5,"1,461",DIESEL,63,85,4,2,Diesel,K9K 876,None,15,1,A: LuK RepSet DMF
,1675,DACIA,DUSTER (HS_),"1.5 dCi 4x4 (HSMC, HSMD)",X,Y,SUV,All-wheel Drive | 4x4,1.5,"1,461",DIESEL,81,110,4,2,Diesel,"K9K 858, K9K 898",1) Transmission Code : TL4,15,1,B: DMF Module plus CSC
,1715,RENAULT,SCÉNIC III (JZ0/1_),"1.5 dCi (JZ02, JZ0R)",X,Y,MPV,Front-Wheel Drive,1.5,"1,461",DIESEL,70,95,4,2,Diesel,K9K 846,None,15,1,B: DMF Module plus CSC
,1755,NISSAN,NV200 Van,"1.5 dCi 90 (M20, M20N, M20M)",X,Y,Van,Front-Wheel Drive,1.5,"1,461",DIESEL,66,90,4,2,Diesel,K9K 892,None,15,1,B: DMF Module plus CSC
,1795,NISSAN,"QASHQAI I (J10, NJ10) | DUALIS",1.5 dCi,X,Y,SUV,Front-Wheel Drive,1.5,"1,461",DIESEL,81,110,4,2,Diesel,K9K 430,None,15,1,B: DMF Module plus CSC
,1835,RENAULT,MEGANE II Saloon (LM0/1_),1.5 dCi (LM1E),X,Y,Saloon,Front-Wheel Drive,1.5,"1,461",DIESEL,78,106,4,2,Diesel,K9K 732,None,15,1,B: DMF Module plus CSC
,1875,RENAULT,MEGANE II Coupé-Cabriolet (EM0/1_),1.5 dCi (EM1E),X,Y,Convertible | Coupé-Cabriolet,Front-Wheel Drive,1.5,"1,461",DIESEL,78,106,4,2,Diesel,K9K 732,None,15,1,B: DMF Module plus CSC
,1915,RENAULT,"MEGANE II (BM0/1_, CM0/1_)","1.5 dCi (BM16, CM16)",X,Y,Hatchback,Front-Wheel Drive,1.5,"1,461",DIESEL,76,103,4,2,Diesel,K9K 734,None,15,1,B: DMF Module plus CSC
,1955,RENAULT,CLIO III Grandtour (KR0/1_),"1.5 dCi (KR1C, KR1N)",X,Y,Estate | Grandtour | Sportour,Front-Wheel Drive,1.5,"1,461",DIESEL,76,103,4,2,Diesel,K9K 772,None,15,1,B: DMF Module plus CSC
,1995,NISSAN,TIIDA Saloon (SC11) | TIIDA LATIO | LATIO,1.5 dCi,X,Y,Saloon,Front-Wheel Drive,1.5,"1,461",DIESEL,78,106,4,2,Diesel,"K9K, K9K 278",None,15,1,B: DMF Module plus CSC
,2035,RENAULT,MEGANE III Coupe (DZ0/1_),"1.5 dCi (DZ09, DZ0D, DZ1F, DZ1G, DZ14, DZ29)",X,Y,Coupe,Front-Wheel Drive,1.5,"1,461",DIESEL,81,110,4,2,Diesel,"K9K 636, K9K 656, K9K 836, K9K 837, K9K 846",None,15,1,B: DMF Module plus CSC
,2075,RENAULT,SCÉNIC III (JZ0/1_),1.5 dCi,X,Y,MPV,Front-Wheel Drive,1.5,"1,461",DIESEL,78,106,4,2,Diesel,K9K 832,None,15,1,B: DMF Module plus CSC
,2115,RENAULT,FLUENCE (L3_),1.5 dCi (L30B),X,Y,Saloon,Front-Wheel Drive,1.5,"1,461",DIESEL,78,106,4,2,Diesel,K9K 832,None,15,1,B: DMF Module plus CSC
,2155,DACIA,DUSTER (HS_),1.5 dCi,X,Y,SUV,Front-Wheel Drive,1.5,"1,461",DIESEL,80,109,4,2,Diesel,"K9K 658, K9K 666, K9K 667, K9K 856, K9K 858",1) Transmission Code : TL4,15,1,B: DMF Module plus CSC
,2195,RENAULT,LAGUNA Coupe (DT0/1),1.5 dCi,X,Y,Coupe,Front-Wheel Drive,1.5,"1,461",DIESEL,81,110,4,2,Diesel,K9K 846,None,15,1,B: DMF Module plus CSC
,2235,MERCEDES-BENZ,CITAN Mixto (Double Cabin) (W415),"111 CDI (415.603, 415.605)",X,Y,Box Body/MPV | Dualiner | Mixto (Double Cabin),Front-Wheel Drive,1.5,"1,461",DIESEL,81,110,4,2,Diesel,OM 607.951 (K9K),None,15,1,B: DMF Module plus CSC
,2275,NISSAN,"QASHQAI II (J11, J11_) | KICKS",1.5 dCi,X,Y,SUV | Wagon,Front-Wheel Drive,1.5,"1,461",DIESEL,81,110,4,2,Diesel,"K9K 636, K9K 646","1) Construction Year to : 201805, 2) Transmission Type : 6-Speed Manual Transmission",15,1,B: DMF Module plus CSC
,2315,RENAULT,KANGOO / GRAND KANGOO II (KW0/1_),"1.5 dCi 110 (KW06, KW12)",X,Y,MPV,Front-Wheel Drive,1.5,"1,461",DIESEL,81,110,4,2,Diesel,"K9K 636, K9K 646, K9K 647, K9K 648",None,15,1,B: DMF Module plus CSC
,2355,DACIA,LODGY (JS_),1.5 dCi,X,Y,MPV,Front-Wheel Drive,1.5,"1,461",DIESEL,80,109,4,2,Diesel,"K9K 666, K9K 846",None,15,1,B: DMF Module plus CSC
,2395,DACIA,DUSTER SUV Van (HS_),1.5 dCi,X,Y,SUV Van,Front-Wheel Drive,1.5,"1,461",DIESEL,80,109,4,2,Diesel,"K9K 666, K9K 856","1) Transmission Type : 6-Speed Manual Transmission, 2) Transmission Code : TL4",15,1,B: DMF Module plus CSC
,2435,RENAULT,CLIO IV Grandtour (KH_),1.5 dCi 110,X,Y,Estate | Grandtour | SPORT TOURER | Sport Tourer,Front-Wheel Drive,1.5,"1,461",DIESEL,81,110,4,2,Diesel,K9K 646,"1) Transmission Type : 6-Speed Manual Transmission, 2) Transmission ID : TL4 095",15,1,B: DMF Module plus CSC
,2475,RENAULT,DUSTER (HS_),1.5 dCi 4x4 (HSMD),X,Y,SUV,All-wheel Drive | 4x4,1.5,"1,461",DIESEL,80,109,4,2,Diesel,"K9K 856, K9K 858","1) TecDoc Engine Number : 34471, 2) Transmission Code : TL4 075, 3) Transmission Type : 6-Speed Manual Transmission",15,1,B: DMF Module plus CSC
,2515,DACIA,DUSTER (HM_),1.5 dCi 90 (HMAA),X,Y,SUV,Front-Wheel Drive,1.5,"1,461",DIESEL,66,90,4,2,Diesel,K9K 656,None,15,1,B: DMF Module plus CSC
,2555,NISSAN,JUKE Van (F15),dCi,X,Y,SUV Van | Van,Front-Wheel Drive,1.5,"1,461",DIESEL,81,110,4,2,Diesel,K9K 636,None,15,1,B: DMF Module plus CSC
,2595,NISSAN,CUBE (Z12),1.5 dCi,X,Y,Hatchback,Front-Wheel Drive,1.5,"1,461",DIESEL,81,110,4,2,Diesel,"K9K, K9K 270","1) TecDoc Engine Number : 32710, 2) Transmission Type : 6-Speed Manual Transmission",15,1,C: FULLPACK DMF (CSC) with Self Adjusting Technology
,2635,RENAULT,GRAND SCÉNIC III (JZ0/1_),"1.5 dCi (JZ02, JZ0R)",X,Y,MPV,Front-Wheel Drive,1.5,"1,461",DIESEL,70,95,4,2,Diesel,K9K 846,"1) TecDoc Engine Number : 24579, 2) Transmission Type : 6-Speed Manual Transmission, 3) Transmission Code : TL4.054",15,1,C: FULLPACK DMF (CSC) with Self Adjusting Technology
,2675,NISSAN,NV200 Van,"1.5 dCi 90 (M20, M20N, M20M)",X,Y,Van,Front-Wheel Drive,1.5,"1,461",DIESEL,66,90,4,2,Diesel,K9K 892,"1) TecDoc Engine Number : 31620, 2) Transmission Type : Manual Transmission",15,1,C: FULLPACK DMF (CSC) with Self Adjusting Technology
,2715,NISSAN,"QASHQAI I (J10, NJ10) | DUALIS",1.5 dCi,X,Y,SUV,Front-Wheel Drive,1.5,"1,461",DIESEL,81,110,4,2,Diesel,K9K 430,1) Transmission Type : Manual Transmission,15,1,C: FULLPACK DMF (CSC) with Self Adjusting Technology
,2755,RENAULT,MEGANE II Saloon (LM0/1_),1.5 dCi (LM1E),X,Y,Saloon,Front-Wheel Drive,1.5,"1,461",DIESEL,78,106,4,2,Diesel,K9K 732,"1) TecDoc Engine Number : 20829, 2) Transmission Type : 6-Speed Manual Transmission, 3) Transmission Code : TL4.001, 4) Transmission Code : TL4.014, 5) Transmission Code : TL4.119",15,1,C: FULLPACK DMF (CSC) with Self Adjusting Technology
,2795,RENAULT,MEGANE II Coupé-Cabriolet (EM0/1_),1.5 dCi (EM1E),X,Y,Convertible | Coupé-Cabriolet,Front-Wheel Drive,1.5,"1,461",DIESEL,78,106,4,2,Diesel,K9K 732,"1) TecDoc Engine Number : 20829, 2) Transmission Type : 6-Speed Manual Transmission, 3) Transmission Code : TL4.001, 4) Transmission Code : TL4.014, 5) Transmission Code : TL4.119",15,1,C: FULLPACK DMF (CSC) with Self Adjusting Technology
,2835,RENAULT,MEGANE II Estate (KM0/1_),1.5 dCi (KM16),X,Y,Estate | Grandtour | Sport Tourer,Front-Wheel Drive,1.5,"1,461",DIESEL,76,103,4,2,Diesel,K9K 734,"1) TecDoc Engine Number : 22192, 2) Transmission Type : 6-Speed Manual Transmission, 3) Transmission Code : TL4",15,1,C: FULLPACK DMF (CSC) with Self Adjusting Technology
,2875,RENAULT,SCÉNIC II (JM0/1_),1.5 dCi (JM16),X,Y,MPV,Front-Wheel Drive,1.5,"1,461",DIESEL,76,103,4,2,Diesel,"K9K 728, K9K 734","1) TecDoc Engine Number : 22192, 2) Transmission Type : Manual Transmission",15,1,C: FULLPACK DMF (CSC) with Self Adjusting Technology
,2915,RENAULT,CLIO III Grandtour (KR0/1_),"1.5 dCi (KR0H, KR1S)",X,Y,Estate | Grandtour | Sportour,Front-Wheel Drive,1.5,"1,461",DIESEL,78,106,4,2,Diesel,"K9K 764, K9K 774","1) TecDoc Engine Number : 18538, 2) TecDoc Engine Number : 31279, 3) Transmission Type : 6-Speed Manual Transmission, 4) Transmission Code : TL4.002",15,1,C: FULLPACK DMF (CSC) with Self Adjusting Technology
,2955,RENAULT,KANGOO Express (FW0/1_),1.5 dCi 105 (FW0F),X,Y,Box Body/MPV | Express | Rapid,Front-Wheel Drive,1.5,"1,461",DIESEL,76,103,4,2,Diesel,K9K 806,"1) TecDoc Engine Number : 20832, 2) Transmission Type : 6-Speed Manual Transmission, 3) Transmission Code : TL4.000",15,1,C: FULLPACK DMF (CSC) with Self Adjusting Technology
,2995,RENAULT,MEGANE III Coupe (DZ0/1_),"1.5 dCi (DZ09, DZ0D, DZ1F, DZ1G, DZ14, DZ29)",X,Y,Coupe,Front-Wheel Drive,1.5,"1,461",DIESEL,81,110,4,2,Diesel,"K9K 636, K9K 656, K9K 836, K9K 837, K9K 846","1) TecDoc Engine Number : 28220, 2) TecDoc Engine Number : 23743, 3) TecDoc Engine Number : 24579, 4) Transmission Type : 6-Speed Manual Transmission",15,1,C: FULLPACK DMF (CSC) with Self Adjusting Technology
,3035,RENAULT,SCÉNIC III (JZ0/1_),1.5 dCi,X,Y,MPV,Front-Wheel Drive,1.5,"1,461",DIESEL,78,106,4,2,Diesel,K9K 832,"1) TecDoc Engine Number : 23521, 2) Transmission Type : 6-Speed Manual Transmission, 3) Transmission Code : TL4.018, 4) Transmission Code : TL4.026, 5) Transmission Code : TL4.027, 6) Transmission Code : TL4.045",15,1,C: FULLPACK DMF (CSC) with Self Adjusting Technology
,3075,RENAULT,FLUENCE (L3_),1.5 dCi (L30B),X,Y,Saloon,Front-Wheel Drive,1.5,"1,461",DIESEL,78,106,4,2,Diesel,K9K 832,"1) TecDoc Engine Number : 23521, 2) Transmission Type : 6-Speed Manual Transmission, 3) Transmission Code : TL4.045",15,1,C: FULLPACK DMF (CSC) with Self Adjusting Technology
,3115,RENAULT,CLIO III Grandtour (KR0/1_),1.5 dCi,X,Y,Estate | Grandtour | Sportour,Front-Wheel Drive,1.5,"1,461",DIESEL,65,88,4,2,Diesel,"K9K 770, K9K 772","1) TecDoc Engine Number : 25691, 2) TecDoc Engine Number : 23549, 3) Transmission Type : 6-Speed Manual Transmission",15,1,C: FULLPACK DMF (CSC) with Self Adjusting Technology
,3155,NISSAN,TIIDA Saloon (SC11) | TIIDA LATIO | LATIO,1.5 dCi,X,Y,Saloon,Front-Wheel Drive,1.5,"1,461",DIESEL,76,103,4,2,Diesel,"K9K, K9K 278","1) TecDoc Engine Number : 33676, 2) Transmission Type : Manual Transmission",15,1,C: FULLPACK DMF (CSC) with Self Adjusting Technology
,3195,MERCEDES-BENZ,CITAN Mixto (Double Cabin) (W415),"111 CDI (415.603, 415.605)",X,Y,Box Body/MPV | Dualiner | Mixto (Double Cabin),Front-Wheel Drive,1.5,"1,461",DIESEL,81,110,4,2,Diesel,OM 607.951 (K9K),"1) TecDoc Engine Number : 26816, 2) Transmission Type : Manual Transmission",15,1,C: FULLPACK DMF (CSC) with Self Adjusting Technology
,3235,NISSAN,"QASHQAI II (J11, J11_) | KICKS",1.5 dCi,X,Y,SUV | Wagon,Front-Wheel Drive,1.5,"1,461",DIESEL,81,110,4,2,Diesel,"K9K 636, K9K 646","1) TecDoc Engine Number : 29420, 2) Transmission Type : 6-Speed Manual Transmission, 3) Transmission Code : TL4",15,1,C: FULLPACK DMF (CSC) with Self Adjusting Technology
,3275,RENAULT,KANGOO / GRAND KANGOO II (KW0/1_),"1.5 dCi 110 (KW06, KW12)",X,Y,MPV,Front-Wheel Drive,1.5,"1,461",DIESEL,81,110,4,2,Diesel,"K9K 636, K9K 646, K9K 647, K9K 648","1) TecDoc Engine Number : 28220, 2) Transmission Type : 6-Speed Manual Transmission, 3) Transmission Code : TL4.000",15,1,C: FULLPACK DMF (CSC) with Self Adjusting Technology
,3315,RENAULT,MEGANE III Coupe (DZ0/1_),1.5 dCi,X,Y,Coupe,Front-Wheel Drive,1.5,"1,461",DIESEL,70,95,4,2,Diesel,K9K 846,"1) TecDoc Engine Number : 24579, 2) Transmission Type : 6-Speed Manual Transmission, 3) Transmission Code : TL4",15,1,C: FULLPACK DMF (CSC) with Self Adjusting Technology
,3355,RENAULT,MEGANE IV Hatchback (B9A/M/N_) | MEGANE III,1.5 dCi 110 (B9A3),X,Y,Hatchback,Front-Wheel Drive,1.5,"1,461",DIESEL,81,110,4,2,Diesel,"K9K 646, K9K 648, K9K 656, K9K 657","1) TecDoc Engine Number : 32894, 2) Transmission Type : 6-Speed Manual Transmission, 3) Transmission Code : TL4.000, 4) Transmission Code : TL4.001, 5) Transmission Code : TL4.014, 6) Transmission Code : TL4.056, 7) Transmission Code : TL4.140",15,1,C: FULLPACK DMF (CSC) with Self Adjusting Technology
,3395,RENAULT,MEGANE IV Grandtour (K9A/M/N_),1.5 dCi 110,X,Y,Estate | Estate | Grandtour | Sport Tourer | Sporter,Front-Wheel Drive,1.5,"1,461",DIESEL,81,110,4,2,Diesel,"K9K 656, K9K 657","1) TecDoc Engine Number : 32894, 2) Transmission Type : 6-Speed Manual Transmission, 3) Transmission Code : TL4.022",15,1,C: FULLPACK DMF (CSC) with Self Adjusting Technology
,3435,DACIA,DUSTER (HS_),"1.5 dCi (HSMD, HSM3)",X,Y,SUV,Front-Wheel Drive,1.5,"1,461",DIESEL,81,110,4,2,Diesel,"K9K 856, K9K 858, K9K 898","1) Transmission Code : TL4, 2) Transmission Type : 6-Speed Manual Transmission",15,1,C: FULLPACK DMF (CSC) with Self Adjusting Technology
,3475,RENAULT,MEGANE III Combi Van (KZ0/1),1.5 dCi,X,Y,Estate Van | Combi Van,Front-Wheel Drive,1.5,"1,461",DIESEL,81,110,4,2,Diesel,"K9K 836, K9K 837","1) TecDoc Engine Number : 23743, 2) TecDoc Engine Number : 26246",15,1,C: FULLPACK DMF (CSC) with Self Adjusting Technology
,3515,RENAULT,MEGANE II Hatchback Van (KM0/2_),1.5 dCi,X,Y,Hatchback Van | Hatchback Van,Front-Wheel Drive,1.5,"1,461",DIESEL,78,106,4,2,Diesel,K9K 732,"1) TecDoc Engine Number : 20829, 2) Transmission Type : 6-Speed Manual Transmission",15,1,C: FULLPACK DMF (CSC) with Self Adjusting Technology
,15,RENAULT,SCÉNIC IV (J9_),1.5 dCi 95,X,Y,MPV,Front-Wheel Drive,1.5,"1,461",DIESEL,70,95,4,2,Diesel,"K9K 646, K9K 648, K9K 846","1) TecDoc Engine Number : 32413, 2) TecDoc Engine Number : 37649",1,1,A: LuK DMF
,55,RENAULT,GRAND SCÉNIC IV (R9_),"1.5 dCi 110 Hybrid Assist (R9AE, R9A3)",X,Y,MPV,Front-Wheel Drive,1.5,"1,461",DIESEL,81,110,4,2,Mild Hybrid,"K9K 500, K9K 502, K9K 648",None,1,1,A: LuK DMF
,95,NISSAN,CUBE (Z12),1.5 dCi,X,Y,Hatchback,Front-Wheel Drive,1.5,"1,461",DIESEL,81,110,4,2,Diesel,"K9K, K9K 270",None,1,1,A: LuK RepSet DMF
,135,RENAULT,GRAND SCÉNIC III (JZ0/1_),"1.5 dCi (JZ02, JZ0R)",X,Y,MPV,Front-Wheel Drive,1.5,"1,461",DIESEL,70,95,4,2,Diesel,K9K 846,None,1,1,A: LuK RepSet DMF
,175,NISSAN,"QASHQAI I (J10, NJ10) | DUALIS",1.5 dCi,X,Y,SUV,Front-Wheel Drive,1.5,"1,461",DIESEL,81,110,4,2,Diesel,K9K 430,None,1,1,A: LuK RepSet DMF
,215,RENAULT,SCÉNIC II (JM0/1_),"1.5 dCi (JM1E, JM16)",X,Y,MPV,Front-Wheel Drive,1.5,"1,461",DIESEL,78,106,4,2,Diesel,"K9K 732, K9K 734",None,1,1,A: LuK RepSet DMF
,255,RENAULT,"CLIO III (BR0/1, CR0/1) | CLIO CAMPUS | LUTECIA","1.5 dCi (BR0H, CR0H, CR1S, BR1S)",X,Y,Hatchback,Front-Wheel Drive,1.5,"1,461",DIESEL,78,106,4,2,Diesel,"K9K 764, K9K 774",None,1,1,A: LuK RepSet DMF
,295,RENAULT,MODUS / GRAND MODUS (F/JP0_),1.5 dCi (JP02),X,Y,Hatchback,Front-Wheel Drive,1.5,"1,461",DIESEL,76,103,4,2,Diesel,K9K 772,None,1,1,A: LuK RepSet DMF
,335,RENAULT,MEGANE II Coupé-Cabriolet (EM0/1_),1.5 dCi (EM16),X,Y,Convertible | Coupé-Cabriolet,Front-Wheel Drive,1.5,"1,461",DIESEL,76,103,4,2,Diesel,K9K 734,None,1,1,A: LuK RepSet DMF
,375,RENAULT,CLIO III Grandtour (KR0/1_),"1.5 dCi (KR1C, KR1N)",X,Y,Estate | Grandtour | Sportour,Front-Wheel Drive,1.5,"1,461",DIESEL,76,103,4,2,Diesel,K9K 772,1) Transmission Code : TL4.002,1,1,A: LuK RepSet DMF
,415,NISSAN,TIIDA Saloon (SC11) | TIIDA LATIO | LATIO,1.5 dCi,X,Y,Saloon,Front-Wheel Drive,1.5,"1,461",DIESEL,78,106,4,2,Diesel,"K9K, K9K 278",None,1,1,A: LuK RepSet DMF
,455,RENAULT,"MEGANE III Hatchback (BZ0/1_, B3_)","1.5 dCi (BZ09, BZ0D, BZ1W, BZ29, BZ14)",X,Y,Hatchback,Front-Wheel Drive,1.5,"1,461",DIESEL,81,110,4,2,Diesel,"K9K 636, K9K 656, K9K 657, K9K 836, K9K 837, K9K 846",1) Transmission Code : TL4,1,1,A: LuK RepSet DMF
,495,RENAULT,MEGANE III Grandtour (KZ0/1) | GRAN TOUR,"1.5 dCi (KZ09, KZ0D, KZ1G, KZ29, KZ14, KZ1W, KZ10, KZ1F,...",X,Y,Estate | Grandtour,Front-Wheel Drive,1.5,"1,461",DIESEL,81,110,4,2,Diesel,"K9K 636, K9K 656, K9K 657, K9K 836, K9K 837, K9K 846",1) Transmission Code : TL4,1,1,A: LuK RepSet DMF
,535,NISSAN,CUBE (Z12),1.5 dCi,X,Y,Hatchback,Front-Wheel Drive,1.5,"1,461",DIESEL,78,106,4,2,Diesel,"K9K, K9K 270",None,1,1,A: LuK RepSet DMF
,575,RENAULT,CLIO III Grandtour (KR0/1_),1.5 dCi,X,Y,Estate | Grandtour | Sportour,Front-Wheel Drive,1.5,"1,461",DIESEL,65,88,4,2,Diesel,"K9K 770, K9K 772",1) Transmission Code : TL4,1,1,A: LuK RepSet DMF
,615,NISSAN,TIIDA Saloon (SC11) | TIIDA LATIO | LATIO,1.5 dCi,X,Y,Saloon,Front-Wheel Drive,1.5,"1,461",DIESEL,76,103,4,2,Diesel,"K9K, K9K 278",None,1,1,A: LuK RepSet DMF
,655,MERCEDES-BENZ,CITAN Box Body/MPV (W415),"111 CDI (415.603, 415.605)",X,Y,Box Body/MPV | Panel Van,Front-Wheel Drive,1.5,"1,461",DIESEL,81,110,4,2,Diesel,OM 607.951 (K9K),None,1,1,A: LuK RepSet DMF
,695,RENAULT,MEGANE III Grandtour (KZ0/1) | GRAN TOUR,"1.5 dCi (KZ1G, KZ1W, KZ0R)",X,Y,Estate | Grandtour,Front-Wheel Drive,1.5,"1,461",DIESEL,70,95,4,2,Diesel,K9K 846,None,1,1,A: LuK RepSet DMF
,735,RENAULT,FLUENCE (L3_),1.5 dCi,X,Y,Saloon,Front-Wheel Drive,1.5,"1,461",DIESEL,70,95,4,2,Diesel,K9K 826,None,1,1,A: LuK RepSet DMF
,775,RENAULT,"CAPTUR I (J5_, H5_)",1.5 dCi 110,X,Y,Hatchback,Front-Wheel Drive,1.5,"1,461",DIESEL,81,110,4,2,Diesel,"K9K 646, K9K 856",1) Construction Year to : 201807,1,1,A: LuK RepSet DMF
,815,RENAULT,MEGANE IV Hatchback (B9A/M/N_) | MEGANE III,1.5 dCi 90 (B9A1),X,Y,Hatchback,Front-Wheel Drive,1.5,"1,461",DIESEL,66,90,4,2,Diesel,K9K 656,None,1,1,A: LuK RepSet DMF
,855,RENAULT,MEGANE IV Grandtour (K9A/M/N_),1.5 dCi 90,X,Y,Estate | Estate | Grandtour | Sport Tourer | Sporter,Front-Wheel Drive,1.5,"1,461",DIESEL,66,90,4,2,Diesel,K9K 656,None,1,1,A: LuK RepSet DMF
,895,DACIA,LODGY (JS_),1.5 dCi,X,Y,MPV,Front-Wheel Drive,1.5,"1,461",DIESEL,81,110,4,2,Diesel,"K9K 666, K9K 846",None,1,1,A: LuK RepSet DMF
,935,RENAULT,MEGANE IV Saloon (LVA/M/N),1.5 dCi 110,X,Y,Saloon | Grand Coupe,Front-Wheel Drive,1.5,"1,461",DIESEL,81,110,4,2,Diesel,"K9K 656, K9K 657, K9K 674, K9K 675, K9K 676, K9K 677",1) TecDoc Engine Number : 32894,1,1,A: LuK RepSet DMF
,975,NISSAN,TIIDA Hatchback (C11) | LATIO,1.5 dCi,X,Y,Hatchback,Front-Wheel Drive,1.5,"1,461",DIESEL,76,103,4,2,Diesel,K9K,1) Construction Year to : 201002,1,1,A: LuK RepSet DMF
,1015,RENAULT,MEGANE II Hatchback Van (KM0/2_),1.5 dCi,X,Y,Hatchback Van | Hatchback Van,Front-Wheel Drive,1.5,"1,461",DIESEL,76,103,4,2,Diesel,K9K 734,None,1,1,A: LuK RepSet DMF
,1055,NISSAN,JUKE Van (F15),dCi,X,Y,SUV Van | Van,Front-Wheel Drive,1.5,"1,461",DIESEL,81,110,4,2,Diesel,K9K 636,None,1,1,A: LuK RepSet DMF
,1095,RENAULT,SCÉNIC III VAN (JZ0/1_),"1.5 dCi (JZ0D, JZ1M, JZ09, JZ14, JZ1G, JZ1W, JZ10)",X,Y,Box Body/MPV | VAN,Front-Wheel Drive,1.5,"1,461",DIESEL,81,110,4,2,Diesel,"K9K 836, K9K 837",1) Transmission Code : TL4,1,1,A: LuK RepSet DMF
,1135,NISSAN,QASHQAI +2 (JJ10E) | DUALIS,1.5 dCi,X,Y,SUV,Front-Wheel Drive,1.5,"1,461",DIESEL,81,110,4,2,Diesel,K9K 430,None,1,1,A: LuK RepSet DMF
,1175,DACIA,DUSTER (HM_),1.5 dCi 95 (HMAF),X,Y,SUV,Front-Wheel Drive,1.5,"1,461",DIESEL,70,95,4,2,Diesel,"K9K 872, K9K 876",1) Transmission Code : TL4,1,1,A: LuK RepSet DMF
,1215,DACIA,DOKKER MPV (KE_),1.5 Blue dCi 95 (KEJL),X,Y,MPV,Front-Wheel Drive,1.5,"1,461",DIESEL,70,95,4,2,Diesel,K9K 872,1) Transmission Code : TL4,1,1,A: LuK RepSet DMF
,1255,RENAULT,KANGOO / GRAND KANGOO II (KW0/1_),1.5 dCi 80 (KW15),X,Y,MPV,Front-Wheel Drive,1.5,"1,461",DIESEL,59,80,4,2,Diesel,K9K 872,1) Transmission Code : TL4,1,1,A: LuK RepSet DMF
,1295,MERCEDES-BENZ,CITAN Box Body/MPV (W415),"111 CDI (415.603, 415.605)",X,Y,Box Body/MPV | Panel Van,Front-Wheel Drive,1.5,"1,461",DIESEL,85,116,4,2,Diesel,OM 608.915 (K9K),None,1,1,A: LuK RepSet DMF
,1335,DACIA,DOKKER Box Body/MPV,1.5 Blue dCi 95 (FEJL),X,Y,Box Body/MPV,Front-Wheel Drive,1.5,"1,461",DIESEL,70,95,4,2,Diesel,K9K 872,1) Transmission Code : TL4,1,1,A: LuK RepSet DMF
,1375,NISSAN,NV250 Bus (X61),dCi 80,X,Y,Bus,Front-Wheel Drive,1.5,"1,461",DIESEL,59,80,4,2,Diesel,K9K 872,None,1,1,A: LuK RepSet DMF
,1415,RENAULT,CAPTUR II (HF_),Blue dCi 115 (HFAD),X,Y,Hatchback,Front-Wheel Drive,1.5,"1,461",DIESEL,85,116,4,2,Diesel,"K9K 872, K9K 873",1) Transmission Code : TL4,1,1,A: LuK RepSet DMF
,1455,RENAULT,EXPRESS Box Body/MPV,1.5 Blue dCi 75 (F6AA),X,Y,Box Body/MPV,Front-Wheel Drive,1.5,"1,461",DIESEL,55,75,4,2,Diesel,"K9K 872, K9K 876",None,1,1,A: LuK RepSet DMF
,1495,RENAULT,KANGOO III Box Body/MPV,1.5 Blue dCi 95 (FJAB),X,Y,Box Body/MPV | RAPID,Front-Wheel Drive,1.5,"1,461",DIESEL,70,95,4,2,Diesel,"K9K 876, K9K 877","1) TecDoc Engine Number : 45124, 2) Transmission Code : TL4",1,1,A: LuK RepSet DMF
,1535,MERCEDES-BENZ,CITAN Box Body/MPV (W420),"1.5 110 CDI (420.623, 420.625)",X,Y,Box Body/MPV,Front-Wheel Drive,1.5,"1,461",DIESEL,70,95,4,2,Diesel,OM 608.915 (K9K),None,1,1,A: LuK RepSet DMF
,1575,RENAULT,CLIO V (B7_),1.5 Blue dCi 100 (B7AD),X,Y,Hatchback,Front-Wheel Drive,1.5,"1,461",DIESEL,74,101,4,2,Diesel,"K9K 872, K9K 876",None,1,1,A: LuK RepSet DMF
,1615,RENAULT,GRAND KANGOO III MPV,Blue dCi 95 (KJAB),X,Y,MPV,Front-Wheel Drive,1.5,"1,461",DIESEL,70,95,4,2,Diesel,K9K 876,1) Transmission Code : TL4,1,1,A: LuK RepSet DMF
,1655,RENAULT,MEGANE III Grandtour (KZ0/1) | GRAN TOUR,"1.5 dCi (KZ1M, KZ1W, KZ0R)",X,Y,Estate | Grandtour,Front-Wheel Drive,1.5,"1,461",DIESEL,78,106,4,2,Diesel,"K9K 832, K9K 836, K9K 846",None,1,1,B: DMF Module plus CSC
,1695,RENAULT,SCÉNIC III (JZ0/1_),1.5 dCi,X,Y,MPV,Front-Wheel Drive,1.5,"1,461",DIESEL,81,110,4,2,Diesel,"K9K 636, K9K 656, K9K 657, K9K 836, K9K 837","1) TecDoc Engine Number : 23743, 2) TecDoc Engine Number : 26246, 3) TecDoc Engine Number : 28220, 4) TecDoc Engine Number : 32895, 5) TecDoc Engine Number : 32894",1,1,B: DMF Module plus CSC
,1735,RENAULT,"CLIO III Hatchback Van (SB_, SR_)",1.5 dCi,X,Y,Hatchback Van,Front-Wheel Drive,1.5,"1,461",DIESEL,78,106,4,2,Diesel,"K9K 764, K9K 772",None,1,1,B: DMF Module plus CSC
,1775,NISSAN,NV200 Van,"1.5 dCi 110 (M20, M20N, M20M)",X,Y,Van,Front-Wheel Drive,1.5,"1,461",DIESEL,81,110,4,2,Diesel,"K9K 636, K9K 646",None,1,1,B: DMF Module plus CSC
,1815,RENAULT,MODUS / GRAND MODUS (F/JP0_),"1.5 dCi (JP0G, JP0H)",X,Y,Hatchback,Front-Wheel Drive,1.5,"1,461",DIESEL,78,106,4,2,Diesel,K9K 764,1) Construction Year to : 200902,1,1,B: DMF Module plus CSC
,1855,RENAULT,"MEGANE II (BM0/1_, CM0/1_)","1.5 dCi (BM1E, CM1E)",X,Y,Hatchback,Front-Wheel Drive,1.5,"1,461",DIESEL,78,106,4,2,Diesel,K9K 732,None,1,1,B: DMF Module plus CSC
,1895,RENAULT,"CLIO III (BR0/1, CR0/1) | CLIO CAMPUS | LUTECIA","1.5 dCi (BR1C, CR1C)",X,Y,Hatchback,Front-Wheel Drive,1.5,"1,461",DIESEL,76,103,4,2,Diesel,K9K 772,None,1,1,B: DMF Module plus CSC
,1935,RENAULT,LAGUNA III (BT0/1),"1.5 dCi (BT00, BT0A, BT0T, BT1J)",X,Y,Hatchback,Front-Wheel Drive,1.5,"1,461",DIESEL,81,110,4,2,Diesel,"K9K 780, K9K 782, K9K 846","1) TecDoc Engine Number : 20817, 2) Transmission Type : Manual Transmission, 3) TecDoc Engine Number : 24579, 4) TecDoc Engine Number : 27990",1,1,B: DMF Module plus CSC
,1975,RENAULT,KANGOO / GRAND KANGOO II (KW0/1_),1.5 dCi 105 (KW0F),X,Y,MPV,Front-Wheel Drive,1.5,"1,461",DIESEL,76,103,4,2,Diesel,K9K 806,"1) Engine Code : K9K 804, 2) TecDoc Engine Number : 20832",1,1,B: DMF Module plus CSC
,2015,RENAULT,KANGOO BE BOP (KW0/1_),1.5 dCi (KW0F),X,Y,MPV,Front-Wheel Drive,1.5,"1,461",DIESEL,76,103,4,2,Diesel,K9K 806,None,1,1,B: DMF Module plus CSC
,2055,NISSAN,"NOTE (E11, NE11)",1.5 dCi,X,Y,MPV,Front-Wheel Drive,1.5,"1,461",DIESEL,76,103,4,2,Diesel,K9K 288,None,1,1,B: DMF Module plus CSC
,2095,RENAULT,FLUENCE (L3_),"1.5 dCi (L30D, L30L, L306, L33F, L33L, L33M, L33V, L33W)",X,Y,Saloon,Front-Wheel Drive,1.5,"1,461",DIESEL,81,110,4,2,Diesel,"K9K 656, K9K 657, K9K 836, K9K 837",None,1,1,B: DMF Module plus CSC
,2135,NISSAN,JUKE (F15),1.5 dCi,X,Y,SUV,Front-Wheel Drive,1.5,"1,461",DIESEL,81,110,4,2,Diesel,"K9K 410, K9K 636, K9K 646, K9K 896",None,1,1,B: DMF Module plus CSC
,2175,NISSAN,TIIDA Saloon (SC11) | TIIDA LATIO | LATIO,1.5 dCi,X,Y,Saloon,Front-Wheel Drive,1.5,"1,461",DIESEL,76,103,4,2,Diesel,"K9K, K9K 278",None,1,1,B: DMF Module plus CSC
,2215,RENAULT,DUSTER (HS_),1.5 dCi,X,Y,SUV,Front-Wheel Drive,1.5,"1,461",DIESEL,81,110,4,2,Diesel,K9K 896,None,1,1,B: DMF Module plus CSC
,2255,RENAULT,"MEGANE III Hatchback (BZ0/1_, B3_)","1.5 dCi (BZ1G, BZ1W, BZ0R)",X,Y,Hatchback,Front-Wheel Drive,1.5,"1,461",DIESEL,70,95,4,2,Diesel,K9K 846,None,1,1,B: DMF Module plus CSC
,2295,NISSAN,PULSAR Hatchback (C13) | TIIDA | SYLPHY,1.5 dCi,X,Y,Hatchback,Front-Wheel Drive,1.5,"1,461",DIESEL,81,110,4,2,Diesel,K9K,"1) Construction Year to : 201807, 2) Transmission Type : 6-Speed Manual Transmission",1,1,B: DMF Module plus CSC
,2335,RENAULT,"KADJAR (HA_, HL_)",1.5 dCi 110 (HLA3),X,Y,SUV,Front-Wheel Drive,1.5,"1,461",DIESEL,81,110,4,2,Diesel,"K9K 646, K9K 647, K9K 648, K9K 649","1) TecDoc Engine Number : 32413, 2) TecDoc Engine Number : 37649, 3) Transmission Type : 6-Speed Manual Transmission",1,1,B: DMF Module plus CSC
,2375,RENAULT,MEGANE IV Hatchback (B9A/M/N_) | MEGANE III,1.5 dCi 110 (B9A3),X,Y,Hatchback,Front-Wheel Drive,1.5,"1,461",DIESEL,81,110,4,2,Diesel,"K9K 646, K9K 648, K9K 656, K9K 657","1) Transmission Type : 6-Speed Manual Transmission, 2) TecDoc Engine Number : 32413, 3) TecDoc Engine Number : 32894, 4) TecDoc Engine Number : 37649",1,1,B: DMF Module plus CSC
,2415,RENAULT,MEGANE IV Grandtour (K9A/M/N_),1.5 dCi 110,X,Y,Estate | Estate | Grandtour | Sport Tourer | Sporter,Front-Wheel Drive,1.5,"1,461",DIESEL,81,110,4,2,Diesel,"K9K 656, K9K 657",1) Transmission Type : 6-Speed Manual Transmission,1,1,B: DMF Module plus CSC
,2455,DACIA,LODGY (JS_),1.5 dCi,X,Y,MPV,Front-Wheel Drive,1.5,"1,461",DIESEL,81,110,4,2,Diesel,"K9K 666, K9K 846",1) Construction Year to : 201807,1,1,B: DMF Module plus CSC
,2495,RENAULT,MEGANE IV Saloon (LVA/M/N),1.5 dCi 90 (LVA1),X,Y,Saloon | Grand Coupe,Front-Wheel Drive,1.5,"1,461",DIESEL,66,90,4,2,Diesel,K9K 656,None,1,1,B: DMF Module plus CSC
,2535,NISSAN,KICKS (D15K),1.5 D,X,Y,SUV,Front-Wheel Drive,1.5,"1,461",DIESEL,81,110,4,2,Diesel,K9K,None,1,1,B: DMF Module plus CSC
,2575,RENAULT,MEGANE III Grandtour (KZ0/1) | GRAN TOUR,"1.5 dCi (KZ1M, KZ1W, KZ0R)",X,Y,Estate | Grandtour,Front-Wheel Drive,1.5,"1,461",DIESEL,78,106,4,2,Diesel,"K9K 832, K9K 836, K9K 846","1) TecDoc Engine Number : 23743, 2) TecDoc Engine Number : 24579, 3) TecDoc Engine Number : 23521, 4) Transmission Type : 6-Speed Manual Transmission, 5) Transmission Code : TL4.022",1,1,C: FULLPACK DMF (CSC) with Self Adjusting Technology
,2615,RENAULT,GRAND SCÉNIC III (JZ0/1_),"1.5 dCi (JZ09, JZ0D, JZ10, JZ14, JZ1G, JZ29, JZ2C)",X,Y,MPV,Front-Wheel Drive,1.5,"1,461",DIESEL,81,110,4,2,Diesel,"K9K 636, K9K 656, K9K 657, K9K 836, K9K 837","1) TecDoc Engine Number : 28220, 2) TecDoc Engine Number : 23743, 3) Transmission Type : 6-Speed Manual Transmission",1,1,C: FULLPACK DMF (CSC) with Self Adjusting Technology
,2655,RENAULT,KANGOO BE BOP (KW0/1_),1.5 dCi,X,Y,MPV,Front-Wheel Drive,1.5,"1,461",DIESEL,80,110,4,2,Diesel,K9K 804,"1) TecDoc Engine Number : 20831, 2) Transmission Type : 6-Speed Manual Transmission, 3) Transmission Code : TL4.000",1,1,C: FULLPACK DMF (CSC) with Self Adjusting Technology
,2695,NISSAN,NV200 Van,"1.5 dCi 110 (M20, M20N, M20M)",X,Y,Van,Front-Wheel Drive,1.5,"1,461",DIESEL,81,110,4,2,Diesel,"K9K 636, K9K 646",1) Transmission Type : Manual Transmission,1,1,C: FULLPACK DMF (CSC) with Self Adjusting Technology
,2735,RENAULT,MODUS / GRAND MODUS (F/JP0_),"1.5 dCi (JP0G, JP0H)",X,Y,Hatchback,Front-Wheel Drive,1.5,"1,461",DIESEL,78,106,4,2,Diesel,K9K 764,"1) TecDoc Engine Number : 18538, 2) Transmission Type : 6-Speed Manual Transmission, 3) Transmission Code : TL4.002, 4) Construction Year to : 200902",1,1,C: FULLPACK DMF (CSC) with Self Adjusting Technology
,2775,RENAULT,"MEGANE II (BM0/1_, CM0/1_)","1.5 dCi (BM1E, CM1E)",X,Y,Hatchback,Front-Wheel Drive,1.5,"1,461",DIESEL,78,106,4,2,Diesel,K9K 732,"1) TecDoc Engine Number : 20829, 2) Transmission Type : 6-Speed Manual Transmission, 3) Transmission Code : TL4.001, 4) Transmission Code : TL4.014, 5) Transmission Code : TL4.119",1,1,C: FULLPACK DMF (CSC) with Self Adjusting Technology
,2815,RENAULT,"CLIO III (BR0/1, CR0/1) | CLIO CAMPUS | LUTECIA","1.5 dCi (BR1C, CR1C)",X,Y,Hatchback,Front-Wheel Drive,1.5,"1,461",DIESEL,76,103,4,2,Diesel,K9K 772,"1) TecDoc Engine Number : 23549, 2) Transmission Type : 6-Speed Manual Transmission, 3) Transmission Code : TL4.002",1,1,C: FULLPACK DMF (CSC) with Self Adjusting Technology
,2855,RENAULT,"MEGANE II (BM0/1_, CM0/1_)","1.5 dCi (BM16, CM16)",X,Y,Hatchback,Front-Wheel Drive,1.5,"1,461",DIESEL,76,103,4,2,Diesel,K9K 734,"1) TecDoc Engine Number : 22192, 2) Transmission Type : 6-Speed Manual Transmission, 3) Transmission Code : TL4.001, 4) Transmission Code : TL4.014, 5) Transmission Code : TL4.016",1,1,C: FULLPACK DMF (CSC) with Self Adjusting Technology
,2895,RENAULT,LAGUNA III Grandtour (KT0/1),"1.5 dCi (KT0A, KT0R, KT02)",X,Y,Estate | Grandtour | Sport Tourer | Sportour,Front-Wheel Drive,1.5,"1,461",DIESEL,81,110,4,2,Diesel,"K9K 780, K9K 782, K9K 846","1) TecDoc Engine Number : 20817, 2) TecDoc Engine Number : 27990, 3) Transmission Type : 6-Speed Manual Transmission, 4) Transmission Code : TL4.013",1,1,C: FULLPACK DMF (CSC) with Self Adjusting Technology
,2935,NISSAN,TIIDA Hatchback (C11) | LATIO,1.5 dCi,X,Y,Hatchback,Front-Wheel Drive,1.5,"1,461",DIESEL,78,106,4,2,Diesel,"K9K, K9K 278","1) TecDoc Engine Number : 33676, 2) Transmission Type : Manual Transmission",1,1,C: FULLPACK DMF (CSC) with Self Adjusting Technology
,2975,RENAULT,KANGOO BE BOP (KW0/1_),1.5 dCi (KW0F),X,Y,MPV,Front-Wheel Drive,1.5,"1,461",DIESEL,76,103,4,2,Diesel,K9K 806,"1) TecDoc Engine Number : 20832, 2) Transmission Type : 6-Speed Manual Transmission, 3) Transmission Code : TL4.000",1,1,C: FULLPACK DMF (CSC) with Self Adjusting Technology
,3015,NISSAN,"NOTE (E11, NE11)",1.5 dCi,X,Y,MPV,Front-Wheel Drive,1.5,"1,461",DIESEL,76,103,4,2,Diesel,K9K 288,"1) Transmission Type : 6-Speed Manual Transmission, 2) Type Mines No. : E11E",1,1,C: FULLPACK DMF (CSC) with Self Adjusting Technology
,3055,RENAULT,FLUENCE (L3_),"1.5 dCi (L30D, L30L, L306, L33F, L33L, L33M, L33V, L33W)",X,Y,Saloon,Front-Wheel Drive,1.5,"1,461",DIESEL,81,110,4,2,Diesel,"K9K 656, K9K 657, K9K 836, K9K 837","1) TecDoc Engine Number : 32894, 2) TecDoc Engine Number : 23743, 3) Transmission Type : 6-Speed Manual Transmission, 4) Transmission Code : TL4.045",1,1,C: FULLPACK DMF (CSC) with Self Adjusting Technology
,3095,RENAULT,MEGANE CC (EZ0/1_),"1.5 dCi (EZ09, EZ1G, EZ0D, EZ14)",X,Y,Convertible,Front-Wheel Drive,1.5,"1,461",DIESEL,81,110,4,2,Diesel,"K9K 836, K9K 837","1) TecDoc Engine Number : 23743, 2) Transmission Type : 6-Speed Manual Transmission",1,1,C: FULLPACK DMF (CSC) with Self Adjusting Technology
,3135,DACIA,DUSTER (HS_),1.5 dCi,X,Y,SUV,Front-Wheel Drive,1.5,"1,461",DIESEL,80,109,4,2,Diesel,"K9K 658, K9K 666, K9K 667, K9K 856, K9K 858","1) Transmission Code : TL4, 2) Transmission Type : 6-Speed Manual Transmission",1,1,C: FULLPACK DMF (CSC) with Self Adjusting Technology
,3175,RENAULT,LATITUDE (L70_),"1.5 dCi (L70R, L731)",X,Y,Saloon,Front-Wheel Drive,1.5,"1,461",DIESEL,81,110,4,2,Diesel,"K9K 782, K9K 849","1) TecDoc Engine Number : 27990, 2) Transmission Type : 6-Speed Manual Transmission, 3) Transmission Code : TL4",1,1,C: FULLPACK DMF (CSC) with Self Adjusting Technology
,3215,RENAULT,"MEGANE III Hatchback (BZ0/1_, B3_)","1.5 dCi (BZ1G, BZ1W, BZ0R)",X,Y,Hatchback,Front-Wheel Drive,1.5,"1,461",DIESEL,70,95,4,2,Diesel,K9K 846,"1) TecDoc Engine Number : 24579, 2) Transmission Type : 6-Speed Manual Transmission, 3) Transmission Code : TL4",1,1,C: FULLPACK DMF (CSC) with Self Adjusting Technology
,3255,NISSAN,PULSAR Hatchback (C13) | TIIDA | SYLPHY,1.5 dCi,X,Y,Hatchback,Front-Wheel Drive,1.5,"1,461",DIESEL,81,110,4,2,Diesel,K9K,"1) TecDoc Engine Number : 31672, 2) Transmission Type : Manual Transmission",1,1,C: FULLPACK DMF (CSC) with Self Adjusting Technology
,3295,RENAULT,"KADJAR (HA_, HL_)",1.5 dCi 110 (HLA3),X,Y,SUV,Front-Wheel Drive,1.5,"1,461",DIESEL,81,110,4,2,Diesel,"K9K 646, K9K 647, K9K 648, K9K 649","1) TecDoc Engine Number : 32413, 2) Transmission Type : 6-Speed Manual Transmission, 3) Transmission Code : TL4",1,1,C: FULLPACK DMF (CSC) with Self Adjusting Technology
,3335,RENAULT,TALISMAN (LP_),1.5 dCi 110 (LPA3),X,Y,Saloon,Front-Wheel Drive,1.5,"1,461",DIESEL,81,110,4,2,Diesel,"K9K 646, K9K 647","1) TecDoc Engine Number : 32413, 2) Transmission Type : 6-Speed Manual Transmission, 3) Transmission Code : TL4",1,1,C: FULLPACK DMF (CSC) with Self Adjusting Technology
,3375,RENAULT,TALISMAN Grandtour (KP_),1.5 dCi 110,X,Y,Estate | Grandtour | Sport Tourer,Front-Wheel Drive,1.5,"1,461",DIESEL,81,110,4,2,Diesel,"K9K 646, K9K 647, K9K 648, K9K 649","1) TecDoc Engine Number : 32413, 2) Transmission Type : 6-Speed Manual Transmission, 3) Transmission Code : TL4",1,1,C: FULLPACK DMF (CSC) with Self Adjusting Technology
,3415,RENAULT,CLIO IV (BH_) | CLIO MIO | LUTECIA,1.5 dCi 110,X,Y,Hatchback,Front-Wheel Drive,1.5,"1,461",DIESEL,81,110,4,2,Diesel,K9K 646,"1) TecDoc Engine Number : 32413, 2) Transmission Type : 6-Speed Manual Transmission, 3) Transmission Code : TL4",1,1,C: FULLPACK DMF (CSC) with Self Adjusting Technology
,3455,RENAULT,MEGANE II Estate Van (KM_),1.5 dCi (KM1E),X,Y,Estate Van,Front-Wheel Drive,1.5,"1,461",DIESEL,78,106,4,2,Diesel,K9K 732,"1) TecDoc Engine Number : 20829, 2) Transmission Type : Manual Transmission",1,1,C: FULLPACK DMF (CSC) with Self Adjusting Technology
,3495,RENAULT,MEGANE III Hatchback Van (BZ_),"1.5 dCi (BZ0D, BZ1G, BZ1F, BZ1M, BZ1W, BZ0R, BZ10)",X,Y,Hatchback Van | Hatchback Van,Front-Wheel Drive,1.5,"1,461",DIESEL,81,110,4,2,Diesel,"K9K 836, K9K 846","1) TecDoc Engine Number : 23743, 2) TecDoc Engine Number : 24579",1,1,C: FULLPACK DMF (CSC) with Self Adjusting Technology
